Season,Rank,Player,ATT,YDS,Y/A,LG,20+,TD,TGT,REC,YDS,Y/R,TD,FL,G,FPTS,FPTS/G,ROST
2025,1,Jonathan Taylor (IND),323,"1,585",4.9,83,9,18,55,46,378,8.2,2,1,17,316.3,18.6,99.40%
2025,2,Christian McCaffrey (SF),311,"1,202",3.9,41,3,10,129,102,924,9.1,7,0,17,314.6,18.5,99.50%
2025,3,James Cook III (BUF),309,"1,621",5.2,64,9,12,40,33,291,8.8,2,3,17,269.2,15.8,99.50%
2025,4,Derrick Henry (BAL),307,"1,595",5.2,59,17,16,21,15,150,10,0,3,17,264.5,15.6,99.20%
2025,5,Bijan Robinson (ATL),287,"1,478",5.1,93,8,7,103,79,820,10.4,4,3,17,291.8,17.2,99.40%
2025,6,Saquon Barkley (PHI),280,"1,140",4.1,65,4,7,50,37,273,7.4,2,1,16,195.3,12.2,99.40%
2025,7,Ashton Jeanty (LV),266,975,3.7,64,3,5,73,55,346,6.3,5,1,17,190.1,11.2,99.50%
2025,8,Travis Etienne Jr. (JAC),260,"1,107",4.3,71,7,7,52,36,292,8.1,6,0,17,217.9,12.8,95.90%
2025,9,Kyren Williams (LAR),259,"1,252",4.8,34,6,10,50,36,281,7.8,3,2,17,227.3,13.4,97.80%
2025,10,Javonte Williams (DAL),252,"1,201",4.8,66,6,11,51,35,137,3.9,2,2,16,207.8,13,97.30%
2025,11,Breece Hall (NYJ),243,"1,065",4.4,59,8,4,48,36,350,9.7,1,2,16,171.7,10.7,97.40%
2025,11,Jahmyr Gibbs (DET),243,"1,223",5,78,10,13,94,77,616,8,5,1,17,289.9,17.1,99.50%
2025,13,Tony Pollard (TEN),242,"1,082",4.5,65,6,5,41,33,206,6.2,0,3,17,152.8,9,86.00%
2025,14,De'Von Achane (MIA),238,"1,350",5.7,59,13,8,85,67,488,7.3,4,0,16,255.8,16,99.30%
2025,15,Rico Dowdle (CAR),236,"1,076",4.6,53,5,6,50,39,297,7.6,1,1,17,177.3,10.4,85.50%
2025,16,Josh Jacobs (GB),234,929,4,40,3,13,44,36,282,7.8,1,2,15,201.1,13.4,98.30%
2025,17,Chase Brown (CIN),232,"1,019",4.4,37,6,6,88,69,437,6.3,5,0,17,213.6,12.6,98.70%
2025,18,Quinshon Judkins (CLE),230,827,3.6,46,4,7,36,26,171,6.6,0,0,14,143.8,10.3,94.00%
2025,19,D'Andre Swift (CHI),223,"1,087",4.9,25,5,9,48,34,299,8.8,1,2,16,194.6,12.2,92.80%
2025,20,Kenneth Walker III (SEA),221,"1,027",4.6,55,10,5,36,31,282,9.1,0,0,17,160.9,9.5,99.20%
2025,21,Jaylen Warren (PIT),211,958,4.5,45,6,6,45,40,333,8.3,2,0,16,177.1,11.1,87.70%
2025,22,Woody Marks (HOU),196,703,3.6,23,2,2,36,24,208,8.7,3,0,16,127.1,7.9,46.30%
2025,23,Zach Charbonnet (SEA),184,730,4,30,5,12,24,20,144,7.2,0,0,16,161.4,10.1,59.30%
2025,24,TreVeyon Henderson (NE),180,911,5.1,69,6,9,42,35,221,6.3,1,1,17,171.2,10.1,92.30%
2025,25,Tyrone Tracy Jr. (NYG),176,740,4.2,31,3,2,48,36,288,8,2,1,15,124.8,8.3,36.30%
2025,26,Jacory Croskey-Merritt (WAS),175,805,4.6,72,3,8,13,9,68,7.6,0,2,17,131.3,7.7,74.10%
2025,27,Bucky Irving (TB),173,588,3.4,32,1,1,35,30,277,9.2,3,1,10,108.5,10.8,95.20%
2025,28,Kyle Monangai (CHI),169,783,4.6,39,3,5,30,18,164,9.1,0,0,17,128.7,7.6,79.80%
2025,29,Kareem Hunt (KC),163,611,3.7,33,1,8,25,18,143,7.9,1,1,17,127.4,7.5,0.90%
2025,30,Jordan Mason (MIN),159,758,4.8,24,4,6,16,14,51,3.6,0,1,16,114.9,7.2,67.80%
2025,31,David Montgomery (DET),158,716,4.5,72,3,8,29,24,192,8,0,1,17,142.9,8.4,92.90%
2025,32,Kimani Vidal (LAC),155,643,4.1,59,4,3,22,16,136,8.5,1,0,13,101.9,7.8,8.90%
2025,33,J.K. Dobbins (DEN),153,772,5,41,5,4,14,11,37,3.4,0,0,10,104.9,10.5,81.90%
2025,34,RJ Harvey (DEN),146,540,3.7,50,3,7,58,47,356,7.6,5,1,17,159.6,9.4,81.80%
2025,35,Blake Corum (LAR),145,746,5.1,48,5,6,14,8,36,4.5,0,0,17,114.2,6.7,78.50%
2025,36,Tyler Allgeier (ATL),143,514,3.6,21,1,8,16,14,96,6.9,0,0,17,109,6.4,40.40%
2025,37,Chuba Hubbard (CAR),134,511,3.8,14,0,1,39,30,223,7.4,3,1,15,95.4,6.4,85.80%
2025,38,Rachaad White (TB),132,572,4.3,39,2,4,45,40,218,5.5,0,0,17,103,6.1,71.40%
2025,38,Aaron Jones Sr. (MIN),132,548,4.2,31,1,2,41,28,199,7.1,1,1,12,90.7,7.6,74.50%
2025,40,Alvin Kamara (NO),131,471,3.6,18,0,1,39,33,186,5.6,0,2,11,67.7,6.2,43.90%
2025,41,Rhamondre Stevenson (NE),130,603,4.6,56,7,7,37,32,345,10.8,2,3,14,146.8,10.5,86.10%
2025,42,Emanuel Wilson (GB),125,496,4,15,0,3,17,15,99,6.6,0,0,17,79.5,4.7,6.20%
2025,43,Omarion Hampton (LAC),124,545,4.4,54,3,4,35,32,192,6,1,0,9,103.7,11.5,99.20%
2025,44,Nick Chubb (HOU),122,506,4.1,30,3,3,20,13,67,5.2,0,0,15,75.3,5,0.80%
2025,45,Devin Singletary (NYG),119,437,3.7,29,2,5,19,18,151,8.4,0,0,17,90.8,5.3,0.90%
2025,46,Isiah Pacheco (KC),118,462,3.9,16,0,1,26,19,101,5.3,1,0,13,68.3,5.3,39.80%
2025,47,Kenny Gainwell (PIT),114,537,4.7,55,2,5,85,73,486,6.7,3,1,17,148.3,8.7,77.80%
2025,48,Chris Rodriguez Jr. (WAS),112,500,4.5,48,2,6,4,3,30,10,0,0,13,89,6.8,40.50%
2025,49,Cam Skattebo (NYG),101,410,4.1,24,1,5,32,24,207,8.6,2,1,8,103.7,13,97.30%
2025,50,Michael Carter (ARI),92,333,3.6,22,2,1,45,33,267,8.1,0,0,13,66,5.1,0.60%
2024,1,Saquon Barkley (PHI),345,"2,005",5.8,72,17,13,43,33,278,8.4,2,1,16,322.3,20.1,99.40%
2024,2,Derrick Henry (BAL),325,"1,921",5.9,87,19,16,22,19,193,10.2,2,1,17,317.4,18.7,99.20%
2024,3,Jahmyr Gibbs (DET),250,"1,412",5.6,70,13,16,63,52,517,9.9,4,1,17,310.9,18.3,99.50%
2024,4,Bijan Robinson (ATL),304,"1,456",4.8,37,5,14,72,61,431,7.1,1,0,17,280.7,16.5,99.40%
2024,5,Josh Jacobs (GB),301,"1,329",4.4,38,7,15,43,36,342,9.5,1,3,17,257.1,15.1,98.30%
2024,6,Kyren Williams (LAR),316,"1,299",4.1,30,2,14,40,34,182,5.4,2,3,16,238.1,14.9,97.80%
2024,7,James Cook III (BUF),207,"1,009",4.9,65,6,16,38,32,258,8.1,2,0,16,234.7,14.7,99.50%
2024,8,Jonathan Taylor (IND),303,"1,431",4.7,70,11,11,31,18,136,7.6,1,1,14,226.7,16.2,99.40%
2024,9,De'Von Achane (MIA),203,907,4.5,61,5,6,87,78,592,7.6,6,0,17,221.9,13.1,99.30%
2024,10,James Conner (ARI),236,"1,094",4.6,53,6,8,55,47,414,8.8,1,1,16,206.8,12.9,18.30%
2024,11,Joe Mixon (HOU),245,"1,016",4.1,59,8,11,52,36,309,8.6,1,0,14,204.5,14.6,5.70%
2024,12,Chase Brown (CIN),229,990,4.3,40,8,7,65,54,360,6.7,4,1,16,201,12.6,98.70%
2024,13,Chuba Hubbard (CAR),250,"1,195",4.8,38,8,10,54,43,171,4,1,3,15,198.6,13.2,85.80%
2024,14,Bucky Irving (TB),207,"1,122",5.4,56,8,8,52,47,392,8.3,0,1,17,197.4,11.6,95.20%
2024,15,Alvin Kamara (NO),228,950,4.2,24,3,6,89,68,543,8,2,0,14,197.3,14.1,43.90%
2024,16,Aaron Jones Sr. (MIN),255,"1,138",4.5,41,3,5,62,51,408,8,2,3,17,190.6,11.2,74.50%
2024,17,David Montgomery (DET),185,775,4.2,21,1,12,38,36,341,9.5,0,1,14,185.7,13.3,92.90%
2024,18,Breece Hall (NYJ),209,876,4.2,42,3,5,76,57,483,8.5,3,2,16,183.9,11.5,97.40%
2024,19,D'Andre Swift (CHI),253,959,3.8,56,5,6,52,42,386,9.2,0,0,17,172.5,10.1,92.80%
2024,20,Najee Harris (PIT),263,"1,043",4,36,9,6,48,36,283,7.9,0,0,17,168.6,9.9,7.90%
2024,21,J.K. Dobbins (LAC),195,905,4.6,61,6,9,38,32,153,4.8,0,0,13,159.8,12.3,81.90%
2024,22,Tony Pollard (TEN),260,"1,079",4.2,41,6,5,57,41,238,5.8,0,2,16,159.7,10,86.00%
2024,23,Rico Dowdle (DAL),235,"1,079",4.6,27,2,2,49,39,249,6.4,3,2,16,158.8,9.9,85.50%
2024,24,Rachaad White (TB),144,613,4.3,56,2,3,57,51,393,7.7,6,3,16,148.6,9.3,71.40%
2024,25,Zach Charbonnet (SEA),135,569,4.2,51,3,8,52,42,340,8.1,1,0,17,144.9,8.5,59.30%
2024,26,Tyrone Tracy Jr. (NYG),192,839,4.4,45,6,5,53,38,284,7.5,1,2,17,144.3,8.5,36.30%
2024,27,Rhamondre Stevenson (NE),207,801,3.9,33,2,7,41,33,168,5.1,1,3,15,142.9,9.5,86.10%
2024,28,Brian Robinson Jr. (WAS),187,799,4.3,40,4,8,25,20,159,8,0,2,14,139.8,10,33.70%
2024,29,Kenneth Walker III (SEA),153,573,3.7,28,5,7,53,46,299,6.5,1,0,11,135.2,12.3,99.20%
2024,30,Kareem Hunt (KC),200,728,3.6,20,1,7,32,23,176,7.7,0,0,13,132.4,10.2,0.90%
2024,31,Tank Bigsby (JAC),168,766,4.6,65,4,7,12,7,54,7.7,0,1,16,122,7.6,27.20%
2024,32,Javonte Williams (DEN),139,513,3.7,20,1,4,70,52,346,6.7,0,2,17,105.9,6.2,97.30%
2024,33,Jordan Mason (SF),153,789,5.2,38,9,3,14,11,91,8.3,0,1,12,104,8.7,67.80%
2024,34,Alexander Mattison (LV),132,420,3.2,24,1,4,48,36,294,8.2,1,1,14,101.4,7.2,1.00%
2024,35,Ray Davis (BUF),113,442,3.9,23,2,3,19,17,189,11.1,3,0,17,99.1,5.8,11.90%
2024,36,Austin Ekeler (WAS),77,367,4.8,50,4,4,41,35,366,10.5,0,0,12,97.3,8.1,0.60%
2024,37,Jerome Ford (CLE),104,565,5.4,66,5,3,43,37,225,6.1,0,0,14,97,6.9,1.90%
2024,38,Tyler Allgeier (ATL),137,644,4.7,25,4,3,13,13,88,6.8,0,0,17,93.2,5.5,40.40%
2024,39,Travis Etienne Jr. (JAC),150,558,3.7,22,2,2,52,39,254,6.5,0,1,15,91.2,6.1,95.90%
2024,40,Jaylen Warren (PIT),120,511,4.3,22,1,1,47,38,310,8.2,0,1,15,86.1,5.7,87.70%
2024,41,Ameer Abdullah (LV),66,311,4.7,40,1,2,47,40,261,6.5,3,1,15,85.2,5.7,0.60%
2024,42,Justice Hill (BAL),47,228,4.9,51,2,1,51,42,383,9.1,3,0,15,85.1,5.7,7.80%
2024,43,Emanuel Wilson (GB),103,502,4.9,21,1,4,14,11,48,4.4,1,0,17,85,5,6.20%
2024,44,Tyjae Spears (TEN),84,312,3.7,23,1,4,35,30,224,7.5,1,0,12,83.6,7,37.10%
2024,45,Antonio Gibson (NE),120,538,4.5,45,4,1,29,23,206,9,0,0,17,80.4,4.7,1.30%
2024,46,Cam Akers (MIN),104,444,4.3,58,2,2,18,14,68,4.9,3,1,16,79.2,5,1.00%
2024,46,Isaac Guerendo (SF),84,420,5,76,2,4,16,15,152,10.1,0,1,16,79.2,5,1.50%
2024,48,Devin Singletary (NYG),113,437,3.9,43,2,4,24,21,119,5.7,0,2,16,75.6,4.7,0.90%
2024,49,Ty Johnson (BUF),41,213,5.2,19,0,1,25,18,284,15.8,3,0,17,73.7,4.3,2.00%
2024,50,Jaleel McLaughlin (DEN),113,496,4.4,21,1,1,27,24,76,3.2,2,1,16,73.2,4.6,0.60%
2023,1,Christian McCaffrey (SF),272,"1,459",5.4,72,9,14,83,67,564,8.4,7,2,16,324.3,20.3,99.50%
2023,2,Raheem Mostert (MIA),209,"1,012",4.8,49,7,18,32,25,175,7,3,1,15,242.7,16.2,0.60%
2023,3,Travis Etienne Jr. (JAC),267,"1,008",3.8,62,6,11,73,58,476,8.2,1,0,17,224.4,13.2,95.90%
2023,4,Kyren Williams (LAR),228,"1,144",5,56,7,12,48,32,206,6.4,3,2,12,223,18.6,97.80%
2023,5,Derrick Henry (TEN),280,"1,167",4.2,69,5,12,36,28,214,7.6,0,0,17,218.7,12.9,99.20%
2023,6,Joe Mixon (CIN),257,"1,034",4,44,3,9,64,52,376,7.2,3,0,17,215,12.6,5.70%
2023,7,Breece Hall (NYJ),223,994,4.5,83,7,5,95,76,591,7.8,4,0,17,214.5,12.6,97.40%
2023,8,Rachaad White (TB),272,990,3.6,38,3,6,70,64,549,8.6,3,2,17,203.9,12,71.40%
2023,9,David Montgomery (DET),219,"1,015",4.6,75,4,13,24,16,117,7.3,0,1,14,191.2,13.7,92.90%
2023,10,Jahmyr Gibbs (DET),182,945,5.2,36,10,10,71,52,316,6.1,1,1,15,190.1,12.7,99.50%
2023,11,James Cook III (BUF),237,"1,122",4.7,42,6,2,54,44,445,10.1,4,2,17,188.7,11.1,99.50%
2023,12,Bijan Robinson (ATL),214,976,4.6,38,7,4,86,58,487,8.4,4,3,17,188.3,11.1,99.40%
2023,13,Saquon Barkley (NYG),247,962,3.9,36,7,6,60,41,280,6.8,4,2,14,182.2,13,99.40%
2023,14,Gus Edwards (BAL),198,810,4.1,42,6,13,13,12,180,15,0,2,17,175,10.3,1.00%
2023,15,James Conner (ARI),208,"1,040",5,44,11,7,33,27,165,6.1,2,0,13,174.5,13.4,18.30%
2023,16,Kenneth Walker III (SEA),219,905,4.1,45,7,8,37,29,259,8.9,1,0,15,170.4,11.4,99.20%
2023,17,Isiah Pacheco (KC),205,935,4.6,48,6,7,49,44,244,5.5,2,1,14,169.9,12.1,39.80%
2023,18,Tony Pollard (DAL),252,"1,005",4,31,6,6,67,55,311,5.7,0,1,17,167.6,9.9,86.00%
2023,19,Jerome Ford (CLE),204,813,4,69,5,4,63,44,319,7.3,5,1,17,167.2,9.8,1.90%
2023,20,Najee Harris (PIT),255,"1,035",4.1,25,8,8,38,29,170,5.9,0,1,17,166.5,9.8,7.90%
2023,21,De'Von Achane (MIA),103,800,7.8,76,8,8,37,27,197,7.3,3,1,11,163.7,14.9,99.30%
2023,22,Brian Robinson Jr. (WAS),178,733,4.1,29,4,5,43,36,368,10.2,4,2,15,162.1,10.8,33.70%
2023,23,D'Andre Swift (PHI),229,"1,049",4.6,43,6,5,49,39,214,5.5,1,1,16,160.3,10,92.80%
2023,24,Alvin Kamara (NO),180,694,3.9,17,0,5,86,75,466,6.2,1,0,13,158,12.2,43.90%
2023,25,Josh Jacobs (LV),233,805,3.5,63,3,6,54,37,296,8,0,1,13,144.1,11.1,98.30%
2023,26,Chuba Hubbard (CAR),238,902,3.8,22,4,5,44,39,233,6,0,0,17,143.5,8.4,85.80%
2023,27,Zack Moss (IND),183,794,4.3,56,6,5,37,27,192,7.1,2,0,14,142.6,10.2,1.60%
2023,28,Jonathan Taylor (IND),169,741,4.4,49,4,7,23,19,153,8.1,1,0,10,137.4,13.7,99.40%
2023,29,Devin Singletary (HOU),216,898,4.2,34,3,4,38,30,193,6.4,0,0,17,137.3,8.1,0.90%
2023,30,Jaylen Warren (PIT),149,784,5.3,74,6,4,74,61,370,6.1,0,2,17,135.4,8,87.70%
2023,31,Austin Ekeler (LAC),179,628,3.5,55,3,5,74,51,436,8.5,1,4,14,134.4,9.6,0.60%
2023,32,Javonte Williams (DEN),217,774,3.6,31,2,3,58,47,228,4.9,2,1,16,132.2,8.3,97.30%
2023,33,Ezekiel Elliott (NE),184,642,3.5,17,0,3,65,51,313,6.1,2,1,17,123.5,7.3,1.50%
2023,34,Tyler Allgeier (ATL),186,683,3.7,31,2,4,23,18,193,10.7,1,0,17,119.6,7,40.40%
2023,35,Rhamondre Stevenson (NE),156,619,4,64,1,4,51,38,238,6.3,0,1,12,107.7,9,86.10%
2023,36,Aaron Jones Sr. (GB),142,656,4.6,39,3,2,43,30,233,7.8,1,1,11,104.9,9.5,74.50%
2023,37,Kareem Hunt (CLE),135,411,3,16,0,9,21,15,84,5.6,0,0,15,103.5,6.9,0.90%
2023,38,Alexander Mattison (MIN),180,700,3.9,21,1,0,44,30,192,6.4,3,2,16,103.2,6.5,1.00%
2023,39,Tyjae Spears (TEN),100,453,4.5,23,3,2,70,52,385,7.4,1,0,17,101.8,6,37.10%
2023,40,AJ Dillon (GB),178,613,3.4,40,1,2,28,22,223,10.1,0,0,15,95.6,6.4,0.60%
2023,41,Khalil Herbert (CHI),132,611,4.6,38,5,2,31,20,134,6.7,1,1,12,92.5,7.7,1.20%
2023,42,Justice Hill (BAL),84,387,4.6,41,2,3,39,28,206,7.4,1,1,16,81.3,5.1,7.80%
2023,43,D'Onta Foreman (CHI),109,425,3.9,22,1,4,16,11,77,7,1,0,9,80.2,8.9,2.70%
2023,44,Ty Chandler (MIN),102,461,4.5,31,3,3,25,21,159,7.6,0,0,16,80,5,1.30%
2023,45,Antonio Gibson (WAS),65,265,4.1,16,0,1,59,48,389,8.1,2,2,16,79.4,5,1.30%
2023,46,Jaleel McLaughlin (DEN),76,410,5.4,38,4,1,36,31,160,5.2,2,0,17,75,4.4,0.60%
2023,47,Rico Dowdle (DAL),89,361,4.1,21,2,2,22,17,144,8.5,2,0,16,74.5,4.7,85.50%
2023,48,Zach Charbonnet (SEA),108,462,4.3,23,4,1,40,33,209,6.3,0,0,16,73.1,4.6,59.30%
2023,49,Samaje Perine (DEN),53,238,4.5,24,1,1,56,50,455,9.1,0,2,17,71.3,4.2,4.10%
2023,50,Dameon Pierce (HOU),145,416,2.9,22,1,2,17,13,101,7.8,0,0,14,69.7,5,0.80%
2022,1,Josh Jacobs (LV),340,"1,653",4.9,86,7,12,64,53,400,7.5,0,1,17,275.3,16.2,98.30%
2022,2,Christian McCaffrey (SF),244,"1,139",4.7,49,9,8,108,85,741,8.7,5,0,17,271.4,16,99.50%
2022,3,Derrick Henry (TEN),349,"1,538",4.4,56,10,13,41,33,398,12.1,0,3,16,269.8,16.9,99.20%
2022,4,Austin Ekeler (LAC),204,915,4.5,72,4,13,127,107,722,6.7,5,3,17,265.7,15.6,0.60%
2022,5,Nick Chubb (CLE),302,"1,525",5,41,13,12,37,27,239,8.9,1,1,17,254.4,15,0.80%
2022,6,Saquon Barkley (NYG),295,"1,312",4.4,68,9,10,76,57,338,5.9,0,0,16,227,14.2,99.40%
2022,7,Jamaal Williams (DET),262,"1,066",4.1,58,4,17,16,12,73,6.1,0,2,17,213.9,12.6,2.00%
2022,8,Tony Pollard (DAL),193,"1,007",5.2,57,9,9,55,39,371,9.5,3,0,16,209.8,13.1,86.00%
2022,9,Dalvin Cook (MIN),264,"1,173",4.4,81,5,8,56,39,295,7.6,2,4,17,198.8,11.7,0.60%
2022,10,Miles Sanders (PHI),259,"1,269",4.9,40,9,11,26,20,78,3.9,0,2,17,196.7,11.6,1.00%
2022,11,Aaron Jones Sr. (GB),213,"1,121",5.3,36,6,2,72,59,395,6.7,5,3,17,189.6,11.2,74.50%
2022,12,Najee Harris (PIT),272,"1,034",3.8,36,1,7,53,41,229,5.6,3,2,17,182.5,10.7,7.90%
2022,13,Joe Mixon (CIN),212,826,3.9,40,4,7,75,60,441,7.4,2,0,15,180.7,12,5.70%
2022,14,Rhamondre Stevenson (NE),210,"1,040",5,49,7,5,88,69,421,6.1,1,1,17,180.1,10.6,86.10%
2022,15,Kenneth Walker III (SEA),228,"1,050",4.6,74,10,9,35,27,165,6.1,0,0,15,175.5,11.7,99.20%
2022,16,Travis Etienne Jr. (JAC),220,"1,125",5.1,62,8,5,45,35,316,9,0,2,17,172.1,10.1,95.90%
2022,17,Ezekiel Elliott (DAL),231,876,3.8,27,5,12,23,17,92,5.4,0,0,15,168.8,11.3,1.50%
2022,18,Alvin Kamara (NO),223,897,4,27,3,2,77,57,490,8.6,2,4,15,154.7,10.3,43.90%
2022,19,James Conner (ARI),183,782,4.3,23,3,7,58,46,300,6.5,1,1,13,154.2,11.9,18.30%
2022,20,Leonard Fournette (TB),189,668,3.5,23,1,3,83,73,523,7.2,3,0,16,154.1,9.6,0.10%
2022,21,David Montgomery (CHI),201,801,4,28,2,5,40,34,316,9.3,1,2,16,143.7,9,92.90%
2022,22,Tyler Allgeier (ATL),210,"1,035",4.9,44,6,3,17,16,139,8.7,1,0,16,143.4,9,40.40%
2022,23,D'Andre Swift (DET),99,542,5.5,50,3,5,70,48,389,8.1,3,0,14,143.1,10.2,92.80%
2022,24,Jerick McKinnon (KC),72,291,4,30,2,1,71,56,512,9.1,9,1,17,140.3,8.3,0.00%
2022,25,Devin Singletary (BUF),178,822,4.6,33,5,5,52,38,280,7.4,1,3,17,140.2,8.2,0.90%
2022,26,AJ Dillon (GB),186,770,4.1,27,3,7,43,28,206,7.4,0,0,17,139.6,8.2,0.60%
2022,27,Raheem Mostert (MIA),181,891,4.9,67,6,3,42,31,202,6.5,2,1,16,137.3,8.6,0.60%
2022,28,Jeff Wilson Jr. (MIA),176,860,4.9,41,7,5,37,22,185,8.4,1,2,16,136.5,8.5,1.00%
2022,29,Dameon Pierce (HOU),220,939,4.3,75,7,4,39,30,165,5.5,1,2,13,136.4,10.5,0.80%
2022,30,Cordarrelle Patterson (ATL),144,695,4.8,40,4,8,31,21,122,5.8,0,1,13,133.7,10.3,1.00%
2022,31,Cam Akers (LAR),188,786,4.2,42,3,7,18,13,117,9,0,2,15,128.3,8.6,1.00%
2022,32,Latavius Murray (DEN),171,760,4.4,52,5,6,35,27,132,4.9,0,0,14,127.2,9.1,0.00%
2022,33,D'Onta Foreman (CAR),203,914,4.5,60,8,5,9,5,26,5.2,0,0,16,126,7.9,2.70%
2022,34,Isiah Pacheco (KC),170,830,4.9,31,3,5,14,13,130,10,0,2,17,122,7.2,39.80%
2022,35,Antonio Gibson (WAS),149,546,3.7,20,1,3,58,46,353,7.7,2,0,15,119.9,8,1.30%
2022,36,Jonathan Taylor (IND),192,861,4.5,66,5,4,40,28,143,5.1,0,3,12,118.4,9.9,99.40%
2022,37,Khalil Herbert (CHI),129,731,5.7,63,4,4,12,9,57,6.3,1,0,13,108.8,8.4,1.20%
2022,38,Samaje Perine (CIN),95,394,4.1,29,1,2,51,38,287,7.6,4,0,16,104.1,6.5,4.10%
2022,39,Brian Robinson Jr. (WAS),205,797,3.9,24,2,2,12,9,60,6.7,1,0,12,103.7,8.6,33.70%
2022,40,Breece Hall (NYJ),80,463,5.8,62,3,4,31,19,218,11.5,1,1,7,96.1,13.7,97.40%
2022,41,Kareem Hunt (CLE),123,468,3.8,24,2,3,44,35,210,6,1,0,17,91.8,5.4,0.90%
2022,42,Rachaad White (TB),129,481,3.7,35,2,1,58,50,290,5.8,2,3,17,89.1,5.2,71.40%
2022,43,Kenyan Drake (BAL),109,482,4.4,40,5,4,26,17,89,5.2,1,0,12,87.1,7.3,1.10%
2022,44,James Cook III (BUF),91,525,5.8,33,6,2,32,21,180,8.6,1,1,17,86.5,5.1,99.50%
2022,45,Michael Carter (NYJ),114,402,3.5,25,3,3,54,41,288,7,0,1,16,85,5.3,0.60%
2022,46,Clyde Edwards-Helaire (KC),71,302,4.3,52,2,3,23,17,151,8.9,3,0,10,81.3,8.1,1.10%
2022,47,James Robinson (NYJ),110,425,3.9,50,4,3,14,11,51,4.6,2,0,11,77.6,7.1,0.00%
2022,48,J.K. Dobbins (BAL),92,520,5.7,44,4,2,8,7,42,6,1,0,8,74.2,9.3,81.90%
2022,49,Damien Harris (NE),106,462,4.4,30,2,3,23,17,97,5.7,0,0,11,73.9,6.7,9.00%
2022,50,Chuba Hubbard (CAR),95,466,4.9,35,3,2,17,14,171,12.2,0,1,14,73.7,5.3,85.80%
2021,1,Jonathan Taylor (IND),332,"1,811",5.5,83,14,18,51,40,360,9,2,2,17,333.1,19.6,99.40%
2021,2,Nick Chubb (CLE),228,"1,259",5.5,70,12,8,25,20,174,8.7,1,1,14,195.3,14,0.80%
2021,3,Joe Mixon (CIN),292,"1,205",4.1,32,6,13,48,42,314,7.5,3,1,16,245.9,15.4,5.70%
2021,4,Najee Harris (PIT),307,"1,200",3.9,37,6,7,94,74,467,6.3,3,0,17,226.7,13.3,7.90%
2021,5,Dalvin Cook (MIN),249,"1,159",4.7,66,9,6,49,34,224,6.6,0,2,13,172.3,13.3,0.60%
2021,6,Antonio Gibson (WAS),258,"1,037",4,27,4,7,52,42,294,7,3,4,16,187.1,11.7,1.30%
2021,7,Ezekiel Elliott (DAL),237,"1,002",4.2,47,3,10,65,47,287,6.1,2,1,17,205.1,12.1,1.50%
2021,8,Elijah Mitchell (SF),207,963,4.7,39,6,5,20,19,137,7.2,1,0,12,146,12.2,1.20%
2021,9,Derrick Henry (TEN),219,937,4.3,76,3,10,20,18,154,8.6,0,0,8,175.3,21.9,99.20%
2021,10,Damien Harris (NE),203,929,4.6,64,8,15,21,18,132,7.3,0,2,15,192.1,12.8,9.00%
2021,11,Melvin Gordon III (DEN),203,918,4.5,70,3,8,38,28,213,7.6,2,3,16,167.1,10.4,0.00%
2021,12,Austin Ekeler (LAC),206,911,4.4,28,3,12,94,70,647,9.2,8,3,16,273.8,17.1,0.60%
2021,13,Javonte Williams (DEN),203,903,4.4,49,6,4,53,43,316,7.3,3,1,17,161.9,9.5,97.30%
2021,14,Alvin Kamara (NO),240,898,3.7,30,3,4,67,47,439,9.3,5,0,13,187.7,14.4,43.90%
2021,15,Josh Jacobs (LV),217,872,4,28,2,9,64,54,348,6.4,0,2,15,172,11.5,98.30%
2021,16,Devin Singletary (BUF),188,870,4.6,46,6,7,50,40,228,5.7,1,0,17,157.8,9.3,0.90%
2021,17,David Montgomery (CHI),225,849,3.8,41,5,7,51,42,301,7.2,0,1,14,154,11,92.90%
2021,18,Sony Michel (LAR),208,845,4.1,39,2,4,33,21,128,6.1,1,1,17,125.3,7.4,0.00%
2021,19,Leonard Fournette (TB),180,812,4.5,47,5,8,84,69,454,6.6,2,0,14,186.6,13.3,0.10%
2021,20,AJ Dillon (GB),187,803,4.3,36,2,5,37,34,313,9.2,2,1,17,151.6,8.9,0.60%
2021,21,Aaron Jones Sr. (GB),171,799,4.7,57,5,4,65,52,391,7.5,6,1,15,177,11.8,74.50%
2021,22,James Robinson (JAC),164,767,4.7,58,4,8,46,31,222,7.2,0,2,14,142.9,10.2,0.00%
2021,23,Miles Sanders (PHI),137,754,5.5,38,7,0,34,26,158,6.1,0,1,12,91.2,7.6,1.00%
2021,24,James Conner (ARI),202,752,3.7,35,3,15,39,37,375,10.1,3,0,15,220.7,14.7,18.30%
2021,25,Rashaad Penny (SEA),119,749,6.3,62,11,6,8,6,48,8,0,0,10,115.7,11.6,0.00%
2021,26,Tony Pollard (DAL),130,719,5.5,58,4,2,46,39,337,8.6,0,0,15,123.6,8.2,86.00%
2021,27,Darrell Henderson Jr. (LAR),149,688,4.6,29,1,5,40,29,176,6.1,3,0,12,134.4,11.2,0.00%
2021,28,Michael Carter (NYJ),147,639,4.3,55,3,4,55,36,325,9,0,1,14,118.4,8.5,0.60%
2021,29,Cordarrelle Patterson (ATL),153,618,4,39,2,6,69,52,548,10.5,5,0,16,182.6,11.4,1.00%
2021,30,D'Andre Swift (DET),151,617,4.1,57,3,5,78,62,452,7.3,2,1,13,146.9,11.3,92.80%
2021,31,Chuba Hubbard (CAR),172,612,3.6,26,3,5,37,25,174,7,1,1,16,112.6,7,85.80%
2021,31,Myles Gaskin (MIA),173,612,3.5,30,2,3,63,49,234,4.8,4,1,17,124.6,7.3,0.00%
2021,33,Rhamondre Stevenson (NE),133,606,4.6,21,1,5,18,14,123,8.8,0,1,12,100.9,8.4,86.10%
2021,34,Jamaal Williams (DET),153,601,3.9,20,1,3,28,26,157,6,0,0,13,93.8,7.2,2.00%
2021,35,Saquon Barkley (NYG),162,593,3.7,41,3,2,57,41,263,6.4,2,1,14,107.6,7.7,99.40%
2021,35,Devontae Booker (NYG),145,593,4.1,31,3,2,45,40,268,6.7,1,0,16,104.1,6.5,0.00%
2021,37,Chase Edmonds (ARI),116,592,5.1,54,3,2,53,43,311,7.2,0,1,12,100.3,8.4,0.00%
2021,38,Devonta Freeman (BAL),133,576,4.3,32,4,5,42,34,190,5.6,1,0,16,112.6,7,0.00%
2021,39,D'Onta Foreman (TEN),133,566,4.3,35,4,3,11,9,123,13.7,0,1,9,84.9,9.4,2.70%
2021,40,Darrel Williams (KC),144,558,3.9,21,1,6,57,47,452,9.6,2,0,17,149,8.8,0.00%
2021,41,Mark Ingram II (NO),160,554,3.5,28,2,2,35,27,162,6,0,1,14,81.6,5.8,1.00%
2021,42,D'Ernest Johnson (CLE),100,534,5.3,30,4,3,25,19,137,7.2,0,0,13,85.1,6.5,1.00%
2021,43,Clyde Edwards-Helaire (KC),119,517,4.3,17,0,4,23,19,129,6.8,2,2,10,98.6,9.9,1.10%
2021,44,Mike Davis (ATL),138,503,3.6,18,0,3,58,44,259,5.9,1,3,17,94.2,5.5,1.00%
2021,45,Latavius Murray (BAL),119,501,4.2,46,3,6,13,10,75,7.5,0,0,14,93.6,6.7,0.00%
2021,46,Alexander Mattison (MIN),134,491,3.7,48,2,3,39,32,228,7.1,1,1,16,93.9,5.9,1.00%
2021,47,Christian McCaffrey (CAR),99,442,4.5,18,0,1,41,37,343,9.3,1,0,7,90.5,12.9,99.50%
2021,48,Khalil Herbert (CHI),103,433,4.2,29,4,2,16,14,96,6.9,0,0,16,64.9,4.1,1.20%
2021,49,Ronald Jones II (TB),101,428,4.2,30,1,4,13,10,64,6.4,0,2,15,69.2,4.6,0.00%
2021,50,Rex Burkhead (HOU),122,427,3.5,36,2,3,32,25,186,7.4,0,0,15,79.3,5.3,10.00%
2020,1,Derrick Henry (TEN),378,"2,027",5.4,94,16,17,31,19,114,6,0,2,16,314.1,19.6,99.20%
2020,2,Dalvin Cook (MIN),312,"1,557",5,70,6,16,54,44,361,8.2,1,3,14,293.8,21,0.60%
2020,3,Jonathan Taylor (IND),232,"1,169",5,62,7,11,40,36,299,8.3,1,1,15,216.8,14.5,99.40%
2020,4,Aaron Jones Sr. (GB),201,"1,104",5.5,77,6,9,63,47,355,7.6,2,0,14,211.9,15.1,74.50%
2020,5,David Montgomery (CHI),247,"1,070",4.3,80,5,8,68,54,438,8.1,2,1,15,210.8,14.1,92.90%
2020,5,James Robinson (JAC),240,"1,070",4.5,47,5,7,60,49,344,7,3,1,14,201.4,14.4,0.00%
2020,7,Nick Chubb (CLE),190,"1,067",5.6,59,12,12,18,16,150,9.4,0,1,12,191.7,16,0.80%
2020,8,Josh Jacobs (LV),273,"1,065",3.9,28,3,12,45,33,238,7.2,0,2,15,198.3,13.2,98.30%
2020,9,Melvin Gordon III (DEN),215,986,4.6,65,5,9,44,32,158,4.9,1,4,15,166.4,11.1,0.00%
2020,10,Ezekiel Elliott (DAL),244,979,4,31,3,6,71,52,338,6.5,2,5,15,171.7,11.4,1.50%
2020,11,Ronald Jones II (TB),192,978,5.1,98,6,7,42,28,165,5.9,1,2,14,158.3,11.3,0.00%
2020,12,Kenyan Drake (ARI),239,955,4,69,6,10,31,25,137,5.5,0,1,15,167.2,11.1,1.10%
2020,13,Alvin Kamara (NO),187,932,5,49,7,16,107,83,756,9.1,5,0,15,294.8,19.7,43.90%
2020,14,Miles Sanders (PHI),164,867,5.3,82,4,6,52,28,197,7,0,2,12,142.4,11.9,1.00%
2020,15,Kareem Hunt (CLE),198,841,4.2,33,3,6,51,38,304,8,5,0,16,180.5,11.3,0.90%
2020,16,J.K. Dobbins (BAL),134,805,6,72,8,9,24,18,120,6.7,0,0,15,150.5,10,81.90%
2020,17,Clyde Edwards-Helaire (KC),181,803,4.4,31,3,4,54,36,297,8.3,1,0,13,140,10.8,1.10%
2020,18,Antonio Gibson (WAS),170,795,4.7,40,5,11,44,36,247,6.9,0,2,14,166.2,11.9,1.30%
2020,19,Gus Edwards (BAL),144,723,5,36,8,6,13,9,129,14.3,0,1,16,119.2,7.4,1.00%
2020,20,James Conner (PIT),169,721,4.3,59,5,6,43,35,215,6.1,0,0,13,129.6,10,18.30%
2020,21,David Johnson (HOU),147,691,4.7,48,4,6,46,33,314,9.5,2,1,12,146.5,12.2,0.00%
2020,21,Damien Harris (NE),137,691,5,41,4,2,7,5,52,10.4,0,0,10,86.3,8.6,9.00%
2020,23,Devin Singletary (BUF),156,687,4.4,51,3,2,50,38,269,7.1,0,1,16,105.6,6.6,0.90%
2020,24,Wayne Gallman Jr. (NYG),147,682,4.6,60,3,6,27,21,114,5.4,0,0,15,115.6,7.7,0.00%
2020,25,Chris Carson (SEA),141,681,4.8,29,3,5,46,37,287,7.8,4,0,12,150.8,12.6,0.30%
2020,26,Todd Gurley II (ATL),195,678,3.5,35,2,9,35,25,164,6.6,0,0,15,138.2,9.2,0.60%
2020,27,Latavius Murray (NO),146,656,4.5,36,3,4,26,23,176,7.7,1,0,15,113.2,7.5,0.00%
2020,28,Frank Gore (NYJ),187,653,3.5,17,0,2,19,16,89,5.6,0,1,15,84.2,5.6,8.40%
2020,29,Mike Davis (CAR),165,642,3.9,25,2,6,70,59,373,6.3,2,1,15,147.5,9.8,1.00%
2020,30,Cam Akers (LAR),145,625,4.3,61,4,2,14,11,123,11.2,1,1,12,90.8,7.6,1.00%
2020,31,Darrell Henderson Jr. (LAR),138,624,4.5,40,3,5,24,16,159,9.9,1,0,15,114.3,7.6,0.00%
2020,32,Adrian Peterson (DET),156,604,3.9,38,4,7,18,12,101,8.4,0,0,16,112.5,7,1.90%
2020,33,Jeff Wilson Jr. (SF),126,600,4.8,34,3,7,28,13,133,10.2,3,2,12,129.3,10.8,1.00%
2020,34,Myles Gaskin (MIA),142,584,4.1,26,3,3,47,41,388,9.5,2,2,10,123.2,12.3,0.00%
2020,35,Austin Ekeler (LAC),116,530,4.6,27,2,1,65,54,403,7.5,2,0,10,111.3,11.1,0.60%
2020,36,D'Andre Swift (DET),114,521,4.6,54,1,8,57,46,357,7.8,2,2,13,143.8,11.1,92.80%
2020,36,Raheem Mostert (SF),104,521,5,80,2,2,19,16,156,9.8,1,1,8,83.7,10.5,0.60%
2020,38,Jamaal Williams (GB),119,505,4.2,25,1,2,35,31,236,7.6,1,0,14,96.1,6.9,2.00%
2020,39,Phillip Lindsay (DEN),118,502,4.3,55,6,1,14,7,28,4,0,0,11,59,5.4,0.00%
2020,40,Zack Moss (BUF),112,481,4.3,31,4,4,18,14,95,6.8,1,0,13,87.6,6.7,1.60%
2020,41,Brian Hill (ATL),100,465,4.7,62,3,1,30,25,199,8,0,1,16,70.4,4.4,0.00%
2020,42,Sony Michel (NE),79,449,5.7,48,4,1,9,7,114,16.3,1,0,9,68.3,7.6,0.00%
2020,43,Chase Edmonds (ARI),97,448,4.6,32,4,1,67,53,402,7.6,4,0,16,115,7.2,0.00%
2020,44,Tony Pollard (DAL),101,435,4.3,42,4,4,40,28,193,6.9,1,0,16,92.8,5.8,86.00%
2020,45,Alexander Mattison (MIN),96,434,4.5,25,4,2,15,13,125,9.6,1,0,13,73.9,5.7,1.00%
2020,46,Joe Mixon (CIN),119,428,3.6,34,3,3,26,21,138,6.6,1,1,6,78.6,13.1,5.70%
2020,47,Devontae Booker (LV),93,423,4.5,43,4,3,21,17,84,4.9,0,0,16,68.7,4.3,0.00%
2020,48,Malcolm Brown (LAR),101,419,4.1,19,0,5,33,23,162,7,0,1,16,86.1,5.4,0.00%
2020,49,Giovani Bernard (CIN),124,416,3.4,15,0,3,59,47,355,7.6,3,1,16,111.1,6.9,0.00%
2020,50,Nyheim Miller-Hines (IND),89,380,4.3,31,3,3,76,63,482,7.7,4,0,16,130.2,8.1,0.00%
2019,1,Christian McCaffrey (CAR),287,"1,387",4.8,84,6,15,142,116,"1,005",8.7,4,0,16,355.2,22.2,99.50%
2019,2,Derrick Henry (TEN),303,"1,540",5.1,74,9,16,24,18,206,11.4,2,3,15,276.6,18.4,99.20%
2019,3,Aaron Jones Sr. (GB),236,"1,084",4.6,56,5,16,68,49,474,9.7,3,2,16,265.8,16.6,74.50%
2019,4,Ezekiel Elliott (DAL),301,"1,357",4.5,33,4,12,71,54,420,7.8,2,2,16,257.7,16.1,1.50%
2019,5,Dalvin Cook (MIN),250,"1,135",4.5,75,7,13,63,53,519,9.8,0,2,14,239.4,17.1,0.60%
2019,6,Nick Chubb (CLE),298,"1,494",5,88,11,8,49,36,278,7.7,0,3,16,219.2,13.7,0.80%
2019,7,Austin Ekeler (LAC),132,557,4.2,35,4,3,108,92,993,10.8,8,2,16,217,13.6,0.60%
2019,8,Mark Ingram II (BAL),202,"1,018",5,53,6,10,29,26,247,9.5,5,2,15,216.5,14.4,1.00%
2019,9,Chris Carson (SEA),278,"1,230",4.4,59,8,7,47,37,266,7.2,2,4,15,195.6,13,0.30%
2019,10,Saquon Barkley (NYG),217,"1,003",4.6,68,8,6,73,52,438,8.4,2,0,13,192.1,14.8,99.40%
2019,11,Joe Mixon (CIN),278,"1,137",4.1,41,6,5,45,35,287,8.2,3,0,16,190.4,11.9,5.70%
2019,12,Todd Gurley II (LAR),223,857,3.8,25,5,12,49,31,207,6.7,2,2,15,188.4,12.6,0.60%
2019,13,Leonard Fournette (JAC),265,"1,152",4.3,81,7,3,100,76,522,6.9,0,1,15,183.4,12.2,0.10%
2019,14,Josh Jacobs (OAK),242,"1,150",4.8,51,8,7,27,20,166,8.3,0,1,13,171.6,13.2,98.30%
2019,15,Miles Sanders (PHI),179,818,4.6,65,5,3,63,50,509,10.2,3,1,16,168.7,10.5,1.00%
2019,16,Alvin Kamara (NO),171,797,4.7,40,5,5,97,81,533,6.6,1,1,14,167.5,12,43.90%
2019,17,Marlon Mack (IND),247,"1,091",4.4,63,9,8,17,14,82,5.9,0,0,14,167.3,12,0.00%
2019,18,Kenyan Drake (ARI),170,817,4.8,80,4,8,68,50,345,6.9,0,1,14,164.2,11.7,1.10%
2019,19,Phillip Lindsay (DEN),224,"1,011",4.5,40,7,7,48,35,196,5.6,0,0,16,162.7,10.2,0.00%
2019,20,Raheem Mostert (SF),137,772,5.6,41,3,8,22,14,180,12.9,2,2,16,151.2,9.5,0.60%
2019,21,Le'Veon Bell (NYJ),245,789,3.2,19,0,3,78,66,461,7,1,1,15,149,9.9,0.20%
2019,22,David Montgomery (CHI),242,889,3.7,55,3,6,35,25,185,7.4,1,2,16,145.4,9.1,92.90%
2019,23,Carlos Hyde (HOU),245,"1,070",4.4,58,8,6,16,10,42,4.2,0,2,16,143.2,9,0.00%
2019,24,Sony Michel (NE),247,912,3.7,26,3,7,20,12,94,7.8,0,1,16,140.6,8.8,0.00%
2019,25,Melvin Gordon III (LAC),162,612,3.8,24,2,8,55,42,296,7,1,3,12,138.8,11.6,0.00%
2019,26,Devonta Freeman (ATL),184,656,3.6,28,3,2,70,59,410,6.9,4,2,14,138.6,9.9,0.00%
2019,27,Ronald Jones II (TB),172,724,4.2,49,6,6,40,31,309,10,0,2,16,135.3,8.5,0.00%
2019,28,Adrian Peterson (WAS),211,898,4.3,32,6,5,23,17,142,8.4,0,2,16,130,8.1,1.90%
2019,29,James White (NE),67,263,3.9,32,1,1,95,72,645,9,5,1,15,128.2,8.5,0.10%
2019,30,Latavius Murray (NO),146,637,4.4,30,3,5,43,34,235,6.9,1,0,16,123.2,7.7,0.00%
2019,31,Devin Singletary (BUF),151,775,5.1,38,7,2,41,29,194,6.7,2,1,12,118.9,9.9,0.90%
2019,32,Tevin Coleman (SF),137,544,4,48,4,6,30,21,180,8.6,1,0,14,114.4,8.2,0.00%
2019,33,James Conner (PIT),116,464,4,25,2,4,38,34,251,7.4,3,1,10,111.5,11.1,18.30%
2019,34,Damien Williams (KC),111,498,4.5,91,2,5,37,30,213,7.1,2,1,11,111.1,10.1,0.00%
2019,35,Duke Johnson Jr. (HOU),83,410,4.9,40,3,2,62,44,410,9.3,3,1,16,110,6.9,0.00%
2019,36,Jamaal Williams (GB),107,456,4.3,45,1,1,45,39,253,6.5,5,0,14,106.9,7.6,2.00%
2019,37,David Johnson (ARI),94,345,3.7,18,0,2,47,36,370,10.3,4,1,13,105.5,8.1,0.00%
2019,38,Jordan Howard (PHI),119,525,4.4,20,1,6,14,10,69,6.9,1,0,10,101.4,10.1,0.00%
2019,39,Peyton Barber (TB),154,470,3.1,17,0,6,24,16,115,7.2,1,1,16,100.5,6.3,1.00%
2019,40,Royce Freeman (DEN),132,496,3.8,26,1,3,50,43,256,6,1,0,16,99.2,6.2,0.00%
2019,41,LeSean McCoy (KC),101,465,4.6,39,4,4,34,28,181,6.5,1,2,13,90.6,7,2.00%
2019,42,DeAndre Washington (OAK),108,387,3.6,36,1,3,41,36,292,8.1,0,0,16,85.9,5.4,11.00%
2019,43,Gus Edwards (BAL),133,711,5.3,63,5,2,7,7,45,6.4,0,1,16,85.6,5.4,1.00%
2019,44,Tarik Cohen (CHI),64,213,3.3,19,0,0,104,79,456,5.8,3,0,16,84.9,5.3,0.00%
2019,45,Matt Breida (SF),123,623,5.1,83,4,1,22,19,120,6.3,1,1,13,84.3,6.5,0.00%
2019,46,Frank Gore (BUF),166,599,3.6,41,4,2,16,13,100,7.7,0,0,16,81.9,5.1,8.40%
2019,47,Kerryon Johnson (DET),113,403,3.6,20,1,3,15,10,127,12.7,1,1,8,75,9.4,1.00%
2019,48,Tony Pollard (DAL),86,455,5.3,44,4,2,20,15,107,7.1,1,1,15,74.2,4.9,86.00%
2019,49,Rex Burkhead (NE),65,302,4.6,33,1,3,38,27,279,10.3,0,1,13,74.1,5.7,10.00%
2019,50,Nyheim Miller-Hines (IND),52,199,3.8,18,0,2,58,44,320,7.3,0,1,16,73.9,4.6,0.00%
2018,1,Todd Gurley II (LAR),256,"1,251",4.9,36,11,17,81,59,580,9.8,4,1,14,313.1,22.4,0.60%
2018,2,Saquon Barkley (NYG),261,"1,307",5,78,16,11,121,91,721,7.9,4,0,16,294.8,18.4,99.40%
2018,3,Christian McCaffrey (CAR),219,"1,098",5,59,6,7,124,107,867,8.1,6,1,16,278.5,17.4,99.50%
2018,4,Alvin Kamara (NO),194,883,4.6,49,1,14,105,81,709,8.8,4,0,15,273.2,18.2,43.90%
2018,5,Ezekiel Elliott (DAL),304,"1,434",4.7,41,11,6,95,77,567,7.4,3,1,15,252.1,16.8,1.50%
2018,6,Melvin Gordon III (LAC),175,885,5.1,34,9,10,66,50,490,9.8,4,0,12,225.5,18.8,0.00%
2018,7,James Conner (PIT),215,970,4.5,30,9,12,71,55,497,9,1,2,13,224.7,17.3,18.30%
2018,8,Kareem Hunt (KC),181,824,4.6,45,7,7,35,26,378,14.5,7,0,11,204.2,18.6,0.90%
2018,9,Joe Mixon (CIN),237,"1,168",4.9,51,11,8,55,43,296,6.9,1,0,14,200.4,14.3,5.70%
2018,10,David Johnson (ARI),258,940,3.6,53,2,7,76,50,446,8.9,3,2,16,196.6,12.3,0.00%
2018,11,James White (NE),94,425,4.5,27,5,5,123,87,751,8.6,7,0,16,189.6,11.9,0.10%
2018,12,Phillip Lindsay (DEN),192,"1,037",5.4,65,8,9,47,35,241,6.9,1,0,15,187.8,12.5,0.00%
2018,13,Derrick Henry (TEN),215,"1,059",4.9,99,4,12,18,15,99,6.6,0,1,16,185.6,11.6,99.20%
2018,14,Chris Carson (SEA),247,"1,151",4.7,61,8,9,24,20,163,8.2,0,2,14,181.4,13,0.30%
2018,15,Nick Chubb (CLE),192,996,5.2,92,11,8,29,20,149,7.5,2,0,16,174.5,10.9,0.80%
2018,16,Adrian Peterson (WAS),251,"1,042",4.2,90,5,7,26,20,208,10.4,1,2,16,169,10.6,1.90%
2018,17,Tarik Cohen (CHI),99,444,4.5,32,7,3,91,71,725,10.2,5,3,16,162.9,10.2,0.00%
2018,18,Tevin Coleman (ATL),167,800,4.8,65,8,4,44,32,276,8.6,5,0,16,161.6,10.1,0.00%
2018,19,Marlon Mack (IND),195,908,4.7,49,7,9,26,17,103,6.1,1,2,12,161.1,13.4,0.00%
2018,20,Jordan Howard (CHI),250,935,3.7,42,5,9,27,20,145,7.3,0,1,16,160,10,0.00%
2018,21,Kenyan Drake (MIA),120,535,4.5,54,4,4,73,53,477,9,5,1,16,153.2,9.6,1.10%
2018,22,Lamar Miller (HOU),210,973,4.6,97,6,5,35,25,163,6.5,1,1,14,147.6,10.5,0.00%
2018,23,Aaron Jones Sr. (GB),133,728,5.5,67,4,8,35,26,206,7.9,1,1,12,145.4,12.1,74.50%
2018,24,Matt Breida (SF),153,814,5.3,66,10,3,31,27,261,9.7,2,1,14,135.5,9.7,0.00%
2018,25,Sony Michel (NE),209,931,4.5,34,4,6,11,7,50,7.1,0,1,13,132.1,10.2,0.00%
2018,26,Peyton Barber (TB),234,871,3.7,28,4,5,29,20,92,4.6,1,1,16,130.3,8.1,1.00%
2018,27,Austin Ekeler (LAC),106,554,5.2,41,4,3,53,39,404,10.4,3,1,14,129.8,9.3,0.60%
2018,28,Mark Ingram II (NO),138,645,4.7,38,3,6,27,21,170,8.1,1,1,12,121.5,10.1,1.00%
2018,29,Isaiah Crowell (NYJ),143,685,4.8,77,6,6,28,21,152,7.2,0,0,13,119.7,9.2,0.10%
2018,30,T.J. Yeldon (JAC),104,414,4,20,1,1,78,55,487,8.9,4,1,14,118.1,8.4,0.00%
2018,31,Dalvin Cook (MIN),133,615,4.6,70,4,2,49,40,305,7.6,2,2,11,112,10.2,0.60%
2018,32,Latavius Murray (MIN),140,578,4.1,38,6,6,26,22,141,6.4,0,0,16,109.9,6.9,0.00%
2018,33,Kerryon Johnson (DET),118,641,5.4,71,6,3,39,32,213,6.7,1,1,10,107.4,10.7,1.00%
2018,34,Mike Davis (SEA),112,514,4.6,37,2,4,42,34,214,6.3,1,0,15,102.8,6.9,1.00%
2018,35,Doug Martin (OAK),172,723,4.2,29,2,4,24,18,116,6.4,0,3,16,101.9,6.4,0.00%
2018,36,Dion Lewis (TEN),155,517,3.3,36,2,1,67,59,400,6.8,1,1,16,101.7,6.4,2.00%
2018,37,Leonard Fournette (JAC),133,439,3.3,25,2,5,26,22,185,8.4,1,0,8,98.4,12.3,0.10%
2018,38,Nyheim Miller-Hines (IND),85,314,3.7,18,0,2,81,63,425,6.7,2,0,16,97.9,6.1,0.00%
2018,39,Alex Collins (BAL),114,411,3.6,19,0,7,21,15,105,7,1,3,10,93.6,9.4,19.00%
2018,40,LeSean McCoy (BUF),161,514,3.2,28,3,3,46,34,238,7,0,0,14,93.2,6.7,2.00%
2018,41,Frank Gore (MIA),156,722,4.6,39,5,0,16,12,124,10.3,1,0,14,90.6,6.5,8.40%
2018,42,Wendell Smallwood (PHI),87,364,4.2,15,0,3,35,28,230,8.2,2,1,16,89.4,5.6,0.00%
2018,43,Jalen Richard (OAK),55,259,4.7,30,3,1,81,68,607,8.9,0,2,16,88.6,5.5,1.00%
2018,44,Carlos Hyde (JAC),172,571,3.3,22,1,5,16,10,33,3.3,0,1,14,88.4,6.3,0.00%
2018,45,Gus Edwards (BAL),137,718,5.2,43,4,2,2,2,20,10,0,0,11,87.8,8,1.00%
2018,46,Jamaal Williams (GB),121,463,3.8,20,1,3,41,27,210,7.8,0,0,16,87.3,5.5,2.00%
2018,46,Royce Freeman (DEN),130,521,4,24,2,5,20,14,72,5.1,0,1,14,87.3,6.2,0.00%
2018,48,Duke Johnson Jr. (CLE),40,201,5,23,1,0,62,47,429,9.1,3,0,16,85,5.3,0.00%
2018,49,Alfred Blue (HOU),150,499,3.3,17,0,2,27,20,154,7.7,0,0,16,77.3,4.8,0.00%
2018,50,LeGarrette Blount (DET),154,418,2.7,27,2,5,15,10,67,6.7,0,1,16,76.5,4.8,0.10%
2017,1,Todd Gurley II (LAR),279,"1,305",4.7,57,8,13,87,64,788,12.3,6,2,15,319.3,21.3,0.60%
2017,2,Le'Veon Bell (PIT),321,"1,291",4,27,3,9,106,85,655,7.7,2,2,15,256.6,17.1,0.20%
2017,3,Kareem Hunt (KC),272,"1,327",4.9,69,12,8,63,53,455,8.6,3,1,16,242.2,15.1,0.90%
2017,4,Alvin Kamara (NO),120,728,6.1,74,5,8,100,81,826,10.2,5,1,16,233.4,14.6,43.90%
2017,5,Melvin Gordon III (LAC),284,"1,105",3.9,87,5,8,83,58,476,8.2,4,0,16,230.1,14.4,0.00%
2017,6,Mark Ingram II (NO),230,"1,124",4.9,72,11,12,71,58,416,7.2,0,3,16,220,13.7,1.00%
2017,7,LeSean McCoy (BUF),287,"1,138",4,48,12,6,77,59,448,7.6,2,1,16,204.6,12.8,2.00%
2017,8,Leonard Fournette (JAC),268,"1,040",3.9,90,4,9,48,36,302,8.4,1,0,13,194.2,14.9,0.10%
2017,9,Ezekiel Elliott (DAL),242,983,4.1,30,5,7,38,26,269,10.3,2,1,10,177.2,17.7,1.50%
2017,10,Jordan Howard (CHI),276,"1,122",4.1,53,5,9,32,23,125,5.4,0,1,16,176.7,11,0.00%
2017,11,Carlos Hyde (SF),240,938,3.9,61,6,8,88,59,350,5.9,0,1,16,174.8,10.9,0.00%
2017,12,Dion Lewis (NE),180,896,5,44,7,6,35,32,214,6.7,3,0,16,165,10.3,2.00%
2017,13,Devonta Freeman (ATL),196,865,4.4,44,5,7,47,36,317,8.8,1,1,14,164.2,11.7,0.00%
2017,14,Lamar Miller (HOU),238,888,3.7,21,1,3,45,36,327,9.1,3,0,16,157.5,9.8,0.00%
2017,15,Christian McCaffrey (CAR),117,435,3.7,40,1,2,113,80,651,8.1,5,1,16,148.6,9.3,99.50%
2017,16,Alex Collins (BAL),212,973,4.6,50,6,6,36,23,187,8.1,0,2,15,148,9.9,19.00%
2017,17,C.J. Anderson (DEN),245,"1,007",4.1,40,7,3,40,28,224,8,1,1,16,147.1,9.2,1.00%
2017,18,Frank Gore (IND),261,961,3.7,21,1,3,38,29,245,8.4,1,0,16,144.6,9,8.40%
2017,19,Marshawn Lynch (OAK),207,891,4.3,51,5,7,31,20,151,7.6,0,1,15,144.2,9.6,0.70%
2017,20,Latavius Murray (MIN),216,842,3.9,46,7,8,17,15,103,6.9,0,0,16,142.5,8.9,0.00%
2017,21,Duke Johnson Jr. (CLE),82,348,4.2,19,0,4,93,74,693,9.4,3,2,16,142.1,8.9,0.00%
2017,22,Tevin Coleman (ATL),156,628,4,52,6,5,39,27,299,11.1,3,0,15,140.7,9.4,0.00%
2017,23,DeMarco Murray (TEN),184,659,3.6,75,3,6,47,39,266,6.8,1,1,15,132.5,8.8,0.10%
2017,24,Jerick McKinnon (MIN),150,570,3.8,58,2,3,68,51,421,8.3,2,2,16,127.1,7.9,0.00%
2017,25,Derrick Henry (TEN),176,744,4.2,75,5,5,17,11,136,12.4,1,0,16,124,7.8,99.20%
2017,26,Bilal Powell (NYJ),178,772,4.3,75,9,5,33,23,170,7.4,0,1,15,122.2,8.1,1.00%
2017,27,Javorius Allen (BAL),153,591,3.9,37,1,4,60,46,250,5.4,2,0,16,120.1,7.5,0.60%
2017,28,Orleans Darkwa (NYG),171,751,4.4,75,6,5,28,19,116,6.1,0,0,15,118.7,7.9,0.00%
2017,29,Jamaal Williams (GB),153,556,3.6,25,1,4,34,25,262,10.5,2,0,16,117.8,7.4,2.00%
2017,30,Isaiah Crowell (CLE),206,853,4.1,59,5,2,42,28,182,6.5,0,1,16,115.5,7.2,0.10%
2017,31,Chris Thompson (WAS),64,294,4.6,61,1,2,54,39,510,13.1,4,2,10,112.4,11.2,0.00%
2017,32,Joe Mixon (CIN),178,626,3.5,25,2,4,34,30,287,9.6,0,2,14,111.3,8,5.70%
2017,33,Jay Ajayi (PHI),208,873,4.2,71,6,1,34,24,158,6.6,1,2,14,111.1,7.9,7.00%
2017,34,Kenyan Drake (MIA),133,644,4.8,66,7,3,48,32,239,7.5,1,2,16,110.3,6.9,1.10%
2017,35,Jonathan Stewart (CAR),198,680,3.4,60,1,6,15,8,52,6.5,1,3,15,109.2,7.3,0.00%
2017,36,Giovani Bernard (CIN),105,458,4.4,25,5,2,60,43,389,9,2,0,16,108.7,6.8,0.00%
2017,37,Theo Riddick (DET),84,286,3.4,21,1,3,71,53,444,8.4,2,1,16,101,6.3,0.00%
2017,38,Rex Burkhead (NE),64,264,4.1,31,2,5,36,30,254,8.5,3,0,10,99.8,10,10.00%
2017,39,LeGarrette Blount (PHI),173,766,4.4,68,7,2,8,8,50,6.3,1,1,16,99.6,6.2,0.10%
2017,40,Ameer Abdullah (DET),165,552,3.3,34,5,4,35,25,162,6.5,1,1,14,99.4,7.1,0.60%
2017,41,Tarik Cohen (CHI),87,370,4.3,46,4,2,71,53,353,6.7,1,2,16,91.1,5.7,0.00%
2017,42,Samaje Perine (WAS),175,603,3.4,30,1,1,24,22,182,8.3,1,2,16,86.5,5.4,4.10%
2017,43,Matt Forte (NYJ),103,381,3.7,20,1,2,45,37,293,7.9,1,1,12,83.4,7,19.10%
2017,44,Matt Breida (SF),105,465,4.4,33,2,2,36,21,180,8.6,1,0,16,82.5,5.2,0.00%
2017,45,Corey Clement (PHI),74,321,4.3,28,2,4,15,10,123,12.3,2,0,16,82.4,5.2,0.00%
2017,46,Marlon Mack (IND),93,358,3.8,35,6,3,33,21,225,10.7,1,0,14,82.3,5.9,0.00%
2017,47,Austin Ekeler (LAC),47,260,5.5,35,3,2,35,27,279,10.3,3,2,16,79.9,5,0.60%
2017,48,James White (NE),43,171,4,10,0,0,72,56,429,7.7,3,0,14,78,5.6,0.10%
2017,49,Rod Smith (DAL),55,232,4.2,45,1,4,23,19,202,10.6,1,0,15,73.4,4.9,0.00%
2017,50,Aaron Jones Sr. (GB),81,448,5.5,46,6,4,18,9,22,2.4,0,0,12,71,5.9,74.50%
2016,1,David Johnson (ARI),293,"1,239",4.2,58,6,16,120,80,879,11,4,3,16,327.8,20.5,0.00%
2016,2,Ezekiel Elliott (DAL),322,"1,631",5.1,60,14,15,40,32,363,11.3,1,1,15,293.4,19.6,1.50%
2016,3,LeSean McCoy (BUF),234,"1,267",5.4,75,11,13,57,50,356,7.1,1,0,15,248.3,16.6,2.00%
2016,4,Le'Veon Bell (PIT),261,"1,268",4.9,44,4,7,94,75,616,8.2,2,1,12,242.4,20.2,0.20%
2016,5,DeMarco Murray (TEN),293,"1,287",4.4,75,4,9,67,53,377,7.1,3,1,16,240.8,15.1,0.10%
2016,6,Devonta Freeman (ATL),227,"1,079",4.8,75,7,11,65,54,462,8.6,2,1,16,230.1,14.4,0.00%
2016,7,LeGarrette Blount (NE),299,"1,161",3.9,44,7,18,8,7,38,5.4,0,1,16,225.9,14.1,0.10%
2016,8,Melvin Gordon III (LAC),254,997,3.9,48,7,10,57,41,419,10.2,2,2,13,209.6,16.1,0.00%
2016,9,Jordan Howard (CHI),252,"1,313",5.2,69,10,6,50,29,298,10.3,1,1,15,201.1,13.4,0.00%
2016,10,Mark Ingram II (NO),205,"1,043",5.1,75,4,6,58,46,319,6.9,4,2,16,196.2,12.3,1.00%
2016,11,Jay Ajayi (MIA),260,"1,272",4.9,62,10,8,35,27,151,5.6,0,1,15,188.3,12.6,7.00%
2016,12,Frank Gore (IND),263,"1,025",3.9,22,1,4,47,38,277,7.3,4,1,16,176.2,11,8.40%
2016,13,Latavius Murray (OAK),195,788,4,42,5,12,43,33,264,8,0,1,14,175.2,12.5,0.00%
2016,14,Carlos Hyde (SF),217,988,4.6,47,7,6,33,27,163,6,3,3,13,165.1,12.7,0.00%
2016,14,Isaiah Crowell (CLE),198,952,4.8,85,8,7,53,40,319,8,0,2,16,165.1,10.3,0.10%
2016,16,Spencer Ware (KC),214,921,4.3,46,3,3,42,33,447,13.5,2,3,14,160.8,11.5,0.00%
2016,17,Lamar Miller (HOU),268,"1,073",4,45,7,5,39,31,188,6.1,1,1,14,160.1,11.4,0.00%
2016,17,Tevin Coleman (ATL),118,520,4.4,55,5,8,40,31,421,13.6,3,0,13,160.1,12.3,0.00%
2016,19,Jeremy Hill (CIN),222,839,3.8,74,5,9,27,21,174,8.3,0,0,15,155.3,10.4,0.00%
2016,20,Todd Gurley II (LAR),278,885,3.2,24,2,6,58,43,327,7.6,0,1,16,155.2,9.7,0.60%
2016,21,Matt Forte (NYJ),218,813,3.7,32,5,7,43,30,263,8.8,1,1,14,153.6,11,19.10%
2016,22,Bilal Powell (NYJ),131,722,5.5,35,4,3,74,58,388,6.7,2,1,16,139,8.7,1.00%
2016,23,Jonathan Stewart (CAR),218,824,3.8,47,6,9,21,8,60,7.5,0,2,13,138.4,10.6,0.00%
2016,24,Terrance West (BAL),193,774,4,41,5,5,45,34,236,6.9,1,0,16,137,8.6,0.00%
2016,25,Ryan Mathews (PHI),155,661,4.3,30,6,8,14,13,115,8.8,1,2,13,131.6,10.1,0.00%
2016,26,Robert Kelley (WAS),168,704,4.2,66,4,6,18,12,82,6.8,1,0,15,120.6,8,0.00%
2016,27,Mike Gillislee (BUF),101,577,5.7,44,7,8,11,9,50,5.6,1,0,15,116.7,7.8,0.00%
2016,28,Christine Michael (GB),148,583,3.9,42,3,7,29,22,107,4.9,1,1,15,115,7.7,0.00%
2016,29,Devontae Booker (DEN),174,612,3.5,18,0,4,45,31,265,8.5,1,3,16,111.7,7,0.00%
2016,30,Darren Sproles (PHI),94,438,4.7,25,1,2,71,52,427,8.2,2,0,15,110.5,7.4,0.10%
2016,31,Theo Riddick (DET),92,357,3.9,42,2,1,67,53,371,7,5,0,10,108.8,10.9,0.00%
2016,32,Jerick McKinnon (MIN),159,539,3.4,36,2,2,53,43,255,5.9,2,0,15,105.4,7,0.00%
2016,33,Tim Hightower (NO),133,548,4.1,30,4,4,26,22,200,9.1,1,0,16,104.8,6.6,0.00%
2016,34,Rashad Jennings (NYG),181,593,3.3,25,3,3,42,35,201,5.7,1,0,13,103.4,8,0.00%
2016,35,James White (NE),39,166,4.3,16,0,0,86,60,551,9.2,5,0,16,101.7,6.4,0.10%
2016,36,Matt Asiata (MIN),121,402,3.3,29,2,6,38,32,263,8.2,0,1,16,100.5,6.3,0.00%
2016,37,Chris Thompson (WAS),68,356,5.2,25,2,3,62,49,349,7.1,2,1,16,98.5,6.2,0.00%
2016,38,Ty Montgomery II (GB),77,457,5.9,61,5,3,56,44,348,7.9,0,1,15,96.5,6.4,0.00%
2016,39,Derrick Henry (TEN),110,490,4.5,22,1,5,15,13,137,10.5,0,0,15,92.7,6.2,99.20%
2016,40,Duke Johnson Jr. (CLE),73,358,4.9,22,2,1,74,53,514,9.7,0,1,16,91.2,5.7,0.00%
2016,41,T.J. Yeldon (JAC),130,465,3.6,16,0,1,68,50,312,6.2,1,1,15,87.7,5.8,0.00%
2016,42,C.J. Anderson (DEN),110,437,4,28,1,4,24,16,128,8,1,0,7,86.5,12.4,1.00%
2016,42,Jalen Richard (OAK),83,491,5.9,75,5,1,39,29,194,6.7,2,0,16,86.5,5.4,1.00%
2016,44,Giovani Bernard (CIN),91,337,3.7,17,0,2,51,39,336,8.6,1,1,10,83.3,8.3,0.00%
2016,45,Robert Turbin (IND),47,164,3.5,18,0,7,35,26,179,6.9,1,0,15,82.3,5.5,0.00%
2016,46,DeAngelo Williams (PIT),98,343,3.5,17,0,4,27,18,118,6.6,2,0,9,82.1,9.1,0.10%
2016,47,Shaun Draughn (SF),74,196,2.6,18,0,4,39,29,263,9.1,2,1,16,79.9,5,0.00%
2016,48,Jacquizz Rodgers (TB),129,560,4.3,45,3,2,16,13,98,7.5,0,0,10,77.8,7.8,0.00%
2016,49,Zach Zenner (DET),88,334,3.8,20,1,4,23,18,196,10.9,0,1,14,75,5.4,0.00%
2016,50,Chris Ivory (JAC),117,439,3.8,42,2,3,28,20,186,9.3,0,3,11,74.5,6.8,0.00%
2015,1,Devonta Freeman (ATL),265,"1,056",4,39,6,11,97,73,578,7.9,3,2,15,243.4,16.2,0.00%
2015,2,Adrian Peterson (MIN),327,"1,485",4.5,80,10,11,36,30,222,7.4,0,3,16,230.7,14.4,1.90%
2015,3,Doug Martin (TB),288,"1,402",4.9,84,14,6,44,33,271,8.2,1,5,16,199.3,12.5,0.00%
2015,4,DeAngelo Williams (PIT),200,907,4.5,55,6,11,47,40,367,9.2,0,2,16,191.4,12,0.10%
2015,5,Todd Gurley II (LAR),229,"1,106",4.8,71,11,10,26,21,188,9,0,1,13,187.4,14.4,0.60%
2015,6,Lamar Miller (MIA),194,872,4.5,85,7,8,57,47,397,8.4,2,1,16,184.9,11.6,0.00%
2015,7,David Johnson (ARI),125,581,4.6,47,3,8,57,36,457,12.7,4,1,16,173.8,10.9,0.00%
2015,8,Chris Ivory (NYJ),247,"1,070",4.3,58,9,7,37,30,217,7.2,1,2,15,172.7,11.5,0.00%
2015,9,Matt Forte (CHI),218,898,4.1,27,4,4,58,44,389,8.8,3,1,13,170.7,13.1,19.10%
2015,10,Latavius Murray (OAK),266,"1,066",4,54,9,6,53,41,232,5.7,0,1,16,163.8,10.2,0.00%
2015,11,Danny Woodhead (LAC),98,336,3.4,27,1,3,106,80,755,9.4,6,0,16,163.1,10.2,20.60%
2015,12,Frank Gore (IND),260,967,3.7,37,5,6,58,34,267,7.9,1,3,16,159.4,10,8.40%
2015,13,Darren McFadden (DAL),239,"1,089",4.6,50,9,3,53,40,328,8.2,0,3,16,155.7,9.7,7.00%
2015,14,Jeremy Hill (CIN),223,794,3.6,38,1,11,19,15,79,5.3,1,3,16,155.3,9.7,0.00%
2015,15,Mark Ingram II (NO),166,769,4.6,70,5,6,60,50,405,8.1,0,1,12,153.4,12.8,1.00%
2015,16,Jonathan Stewart (CAR),242,989,4.1,44,4,6,21,16,99,6.2,1,2,13,146.8,11.3,0.00%
2015,17,LeSean McCoy (BUF),203,895,4.4,48,6,3,50,32,292,9.1,2,2,12,146.7,12.2,2.00%
2015,18,DeMarco Murray (PHI),193,702,3.6,54,5,6,55,44,322,7.3,1,2,15,140.4,9.4,0.10%
2015,19,Ronnie Hillman (DEN),207,863,4.2,72,5,7,35,24,111,4.6,0,1,16,137.4,8.6,0.00%
2015,20,Rashad Jennings (NYG),195,863,4.4,38,6,3,40,29,296,10.2,1,2,16,135.9,8.5,0.00%
2015,21,Giovani Bernard (CIN),154,730,4.7,28,2,2,66,49,472,9.6,0,0,16,132.2,8.3,0.00%
2015,22,Charles Sims (TB),107,529,4.9,59,4,0,70,51,561,11,4,2,16,129,8.1,0.00%
2015,23,Jeremy Langford (CHI),148,537,3.6,23,1,6,42,22,279,12.7,1,0,16,125.6,7.9,0.00%
2015,24,James Starks (GB),148,601,4.1,65,5,2,53,43,392,9.1,3,3,16,123.3,7.7,0.00%
2015,25,Eddie Lacy (GB),187,758,4.1,29,4,3,28,20,188,9.4,2,2,15,120.6,8,0.30%
2015,26,T.J. Yeldon (JAC),182,740,4.1,45,4,2,46,36,279,7.8,1,0,12,119.9,10,0.00%
2015,27,Isaiah Crowell (CLE),185,706,3.8,54,5,4,22,19,182,9.6,1,0,16,118.8,7.4,0.10%
2015,28,Thomas Rawls (SEA),147,830,5.6,69,7,4,11,9,76,8.4,1,1,13,118.6,9.1,0.10%
2015,29,LeGarrette Blount (NE),165,703,4.3,38,4,6,7,6,43,7.2,1,0,12,116.6,9.7,0.10%
2015,30,C.J. Anderson (DEN),152,720,4.7,48,5,5,36,25,183,7.3,0,2,15,116.3,7.8,1.00%
2015,31,Karlos Williams (BUF),93,517,5.6,41,5,7,14,11,96,8.7,2,1,11,113.3,10.3,0.60%
2015,32,Charcandrick West (KC),160,634,4,38,4,4,34,20,214,10.7,1,1,15,112.8,7.5,0.00%
2015,33,Ryan Mathews (PHI),106,539,5.1,63,6,6,28,20,146,7.3,1,3,13,104.5,8,0.00%
2015,34,Duke Johnson Jr. (CLE),104,379,3.6,39,2,0,74,61,534,8.8,2,0,16,103.3,6.5,0.00%
2015,35,Chris Johnson (ARI),196,814,4.2,62,6,3,13,6,58,9.7,0,2,11,101.2,9.2,0.60%
2015,36,Javorius Allen (BAL),137,514,3.8,44,2,1,62,45,353,7.8,2,2,16,100.7,6.3,0.60%
2015,37,Shane Vereen (NYG),61,260,4.3,39,1,0,81,59,494,8.4,4,0,16,99.4,6.2,0.00%
2015,38,Theo Riddick (DET),43,133,3.1,16,0,0,99,80,697,8.7,3,1,16,99,6.2,0.00%
2015,39,Alfred Blue (HOU),183,698,3.8,41,2,2,16,15,109,7.3,1,1,16,96.7,6,0.00%
2015,40,Matt Jones (WAS),144,490,3.4,39,3,3,25,19,304,16,1,4,13,95.4,7.3,0.00%
2015,41,Darren Sproles (PHI),83,317,3.8,27,1,3,83,55,388,7.1,1,0,16,94.5,5.9,0.10%
2015,42,Ameer Abdullah (DET),143,597,4.2,36,4,2,38,25,183,7.3,1,2,16,92,5.8,0.60%
2015,43,Justin Forsett (BAL),151,641,4.2,33,5,2,41,31,153,4.9,0,0,10,91.4,9.1,0.00%
2015,44,Antonio Andrews (TEN),143,520,3.6,38,4,3,29,21,174,8.3,0,1,14,91,6.5,0.00%
2015,45,Bilal Powell (NYJ),70,313,4.5,24,3,1,63,47,388,8.3,2,0,11,88.1,8,1.00%
2015,46,Le'Veon Bell (PIT),113,556,4.9,42,8,3,26,24,136,5.7,0,0,6,87.2,14.5,0.20%
2015,47,Alfred Morris (WAS),202,751,3.7,48,4,1,13,10,55,5.5,0,0,16,86.6,5.4,0.00%
2015,48,Dion Lewis (NE),49,234,4.8,13,0,2,50,36,388,10.8,2,1,7,84.2,12,2.00%
2015,49,Joique Bell (DET),90,311,3.5,36,2,4,27,22,286,13,0,0,13,83.7,6.4,0.20%
2015,50,James White (NE),22,56,2.5,8,0,2,54,40,410,10.3,4,0,14,82.6,5.9,0.10%
2014,1,DeMarco Murray (DAL),392,"1,845",4.7,51,15,13,64,57,416,7.3,0,5,16,294.1,18.4,0.10%
2014,2,Le'Veon Bell (PIT),290,"1,361",4.7,81,8,8,105,83,854,10.3,3,0,16,287.5,18,0.20%
2014,3,Marshawn Lynch (SEA),280,"1,306",4.7,79,7,13,48,37,367,9.9,4,2,16,265.3,16.6,0.70%
2014,4,Matt Forte (CHI),266,"1,038",3.9,32,1,6,130,102,808,7.9,4,2,16,244.6,15.3,19.10%
2014,5,Arian Foster (HOU),260,"1,246",4.8,51,9,8,59,38,327,8.6,5,2,13,235.5,18.1,0.00%
2014,6,Eddie Lacy (GB),246,"1,139",4.6,44,8,9,55,42,427,10.2,4,2,16,230.6,14.4,0.30%
2014,7,Jamaal Charles (KC),206,"1,033",5,63,6,9,59,40,291,7.3,5,3,15,210.4,14,0.10%
2014,8,Justin Forsett (BAL),235,"1,266",5.4,52,17,8,59,44,263,6,0,0,16,202.9,12.7,0.00%
2014,9,Lamar Miller (MIA),216,"1,099",5.1,97,9,8,52,38,275,7.2,1,3,16,185.4,11.6,0.00%
2014,10,Jeremy Hill (CIN),222,"1,124",5.1,85,8,9,32,27,215,8,0,2,16,183.9,11.5,0.00%
2014,11,C.J. Anderson (DEN),179,849,4.7,27,7,8,44,34,324,9.5,2,0,15,177.3,11.8,1.00%
2014,12,LeSean McCoy (PHI),312,"1,319",4.2,53,9,5,37,28,155,5.5,0,3,16,171.4,10.7,2.00%
2014,13,Alfred Morris (WAS),265,"1,074",4.1,30,9,8,26,17,155,9.1,0,0,16,170.9,10.7,0.00%
2014,14,Joique Bell (DET),223,860,3.9,57,5,7,53,34,322,9.5,1,1,15,164.2,10.9,0.20%
2014,15,Mark Ingram II (NO),226,964,4.3,31,5,9,36,29,145,5,0,1,13,162.9,12.5,1.00%
2014,16,Matt Asiata (MIN),164,570,3.5,19,0,9,63,44,312,7.1,1,1,15,150.2,10,0.00%
2014,17,Frank Gore (SF),255,"1,106",4.3,52,5,4,19,11,111,10.1,1,2,16,147.7,9.2,8.40%
2014,18,Giovani Bernard (CIN),168,680,4,89,2,5,59,43,349,8.1,2,0,13,144.9,11.1,0.00%
2014,19,Chris Ivory (NYJ),198,821,4.1,71,1,6,27,18,123,6.8,1,1,16,134.4,8.4,0.00%
2014,20,Andre Ellington (ARI),201,660,3.3,22,4,3,64,46,395,8.6,2,2,12,131.5,11,0.10%
2014,21,Andre Williams (NYG),217,721,3.3,50,4,7,37,18,130,7.2,0,0,16,127.1,7.9,0.00%
2014,22,Fred Jackson (BUF),141,525,3.7,38,1,2,90,66,501,7.6,1,0,14,122.6,8.8,0.00%
2014,23,Steven Jackson (ATL),190,707,3.7,55,2,6,27,20,148,7.4,0,0,15,121.5,8.1,0.00%
2014,24,Jonathan Stewart (CAR),175,809,4.6,69,4,3,31,25,181,7.2,1,1,13,121,9.3,0.00%
2014,25,Tre Mason (LAR),179,765,4.3,89,6,4,26,16,148,9.3,1,1,12,119.3,9.9,0.60%
2014,26,Ahmad Bradshaw (IND),90,425,4.7,29,3,2,47,38,300,7.9,6,2,10,116.5,11.7,0.00%
2014,27,Shane Vereen (NE),96,391,4.1,19,0,2,77,52,447,8.6,3,0,16,113.8,7.1,0.00%
2014,28,Isaiah Crowell (CLE),148,607,4.1,35,5,8,14,9,87,9.7,0,2,16,113.4,7.1,0.10%
2014,29,Branden Oliver (LAC),160,582,3.6,52,3,3,45,36,271,7.5,1,0,14,109.3,7.8,0.00%
2014,30,Rashad Jennings (NYG),167,639,3.8,18,0,4,41,30,226,7.5,0,1,11,108.5,9.9,0.00%
2014,31,Darren Sproles (PHI),57,329,5.8,49,2,6,62,40,387,9.7,0,1,15,105.6,7,0.10%
2014,32,Terrance West (CLE),171,673,3.9,36,4,4,13,11,64,5.8,1,1,14,101.7,7.3,0.00%
2014,33,Knile Davis (KC),134,463,3.5,48,3,6,25,16,147,9.2,1,2,16,99,6.2,0.00%
2014,34,Chris Johnson (NYJ),155,663,4.3,47,4,1,34,24,151,6.3,1,1,16,91.4,5.7,0.60%
2014,35,Trenton Richardson (IND),159,519,3.3,27,1,3,34,27,229,8.5,0,1,15,90.8,6.1,0.00%
2014,36,Denard Robinson (JAC),135,582,4.3,41,4,4,31,23,124,5.4,0,2,13,90.6,7,0.20%
2014,37,LeGarrette Blount (NE),125,547,4.4,50,5,5,12,10,54,5.4,0,1,16,88.1,5.5,0.10%
2014,38,Roy Helu (WAS),40,216,5.4,18,0,1,47,42,477,11.4,2,1,14,85.3,6.1,0.00%
2014,39,Darren McFadden (OAK),155,534,3.4,25,1,2,56,36,212,5.9,0,1,16,84.6,5.3,7.00%
2014,40,Alfred Blue (HOU),169,528,3.1,46,2,2,18,15,113,7.5,1,0,16,82.1,5.1,0.00%
2014,41,Ronnie Hillman (DEN),106,434,4.1,37,3,3,34,21,139,6.6,1,0,8,81.3,10.2,0.00%
2014,42,Benny Cunningham Jr. (LAR),66,246,3.7,20,1,3,53,45,352,7.8,1,2,16,79.8,5,0.00%
2014,43,Bishop Sankey (TEN),152,569,3.7,22,1,2,23,18,133,7.4,0,2,16,78.2,4.9,0.00%
2014,44,Bobby Rainey (TB),94,406,4.3,31,4,1,45,33,315,9.5,1,3,15,78.1,5.2,0.00%
2014,45,Pierre Thomas (NO),45,222,4.9,27,1,2,55,45,378,8.4,1,0,11,78,7.1,0.00%
2014,46,Jonas Gray (NE),89,412,4.6,20,1,5,3,1,7,7,0,0,8,71.9,9,0.00%
2014,47,Latavius Murray (OAK),82,424,5.2,90,4,2,23,17,143,8.4,0,0,15,68.7,4.6,0.00%
2014,48,Doug Martin (TB),134,494,3.7,63,2,2,20,13,64,4.9,0,0,11,67.8,6.2,0.00%
2014,49,Jerick McKinnon (MIN),113,538,4.8,55,4,0,41,27,135,5,0,0,11,67.3,6.1,0.00%
2014,50,Ben Tate (MIN),119,371,3.1,25,1,4,12,9,60,6.7,0,0,11,67.1,6.1,0.00%
2013,1,Jamaal Charles (KC),259,"1,287",5,46,6,12,104,70,693,9.9,7,2,15,308,20.5,0.10%
2013,2,LeSean McCoy (PHI),314,"1,607",5.1,57,9,9,64,52,539,10.4,2,1,16,278.6,17.4,2.00%
2013,3,Matt Forte (CHI),289,"1,339",4.6,55,9,9,94,74,594,8,3,2,16,263.3,16.5,19.10%
2013,4,Marshawn Lynch (SEA),301,"1,257",4.2,43,6,12,44,36,316,8.8,2,1,16,239.3,15,0.70%
2013,5,Knowshon Moreno (DEN),241,"1,038",4.3,31,5,10,74,60,548,9.1,3,0,16,236.6,14.8,0.00%
2013,6,Eddie Lacy (GB),284,"1,178",4.1,60,3,11,44,35,257,7.3,0,1,15,207.5,13.8,0.30%
2013,7,DeMarco Murray (DAL),217,"1,121",5.2,43,8,9,66,53,350,6.6,1,1,14,205.1,14.7,0.10%
2013,8,Adrian Peterson (MIN),279,"1,266",4.5,78,8,10,40,29,171,5.9,1,3,14,203.7,14.5,1.90%
2013,9,Chris Johnson (TEN),279,"1,077",3.9,30,5,6,52,42,345,8.2,4,2,16,198.2,12.4,0.60%
2013,10,Fred Jackson (BUF),206,890,4.3,59,1,9,66,47,387,8.2,1,0,16,187.7,11.7,0.00%
2013,11,Reggie Bush (DET),223,"1,006",4.5,39,6,4,80,54,506,9.4,3,4,14,185.2,13.2,0.00%
2013,12,Ryan Mathews (LAC),285,"1,255",4.4,51,7,6,33,26,189,7.3,1,1,16,184.4,11.5,0.00%
2013,13,Frank Gore (SF),276,"1,128",4.1,51,9,9,26,16,141,8.8,0,3,16,174.9,10.9,8.40%
2013,14,Le'Veon Bell (PIT),244,860,3.5,43,4,8,66,45,399,8.9,0,1,13,171.9,13.2,0.20%
2013,15,Alfred Morris (WAS),276,"1,275",4.6,45,10,7,12,9,78,8.7,0,4,16,169.3,10.6,0.00%
2013,16,Giovani Bernard (CIN),170,695,4.1,35,3,5,70,56,514,9.2,3,1,16,166.9,10.4,0.00%
2013,17,Joique Bell (DET),166,650,3.9,20,1,8,69,53,547,10.3,0,3,16,163.7,10.2,0.20%
2013,18,Zac Stacy (LAR),250,973,3.9,40,5,7,35,26,141,5.4,1,1,14,157.4,11.2,0.00%
2013,19,Danny Woodhead (LAC),106,429,4,14,0,2,87,76,605,8,6,2,16,147.4,9.2,20.60%
2013,20,Maurice Jones-Drew (JAC),234,803,3.4,48,5,5,60,43,314,7.3,0,1,15,144,9.6,0.00%
2013,21,Rashad Jennings (OAK),163,733,4.5,80,4,6,47,36,292,8.1,0,0,15,138.5,9.2,0.00%
2013,22,DeAngelo Williams (CAR),201,843,4.2,43,6,3,36,26,333,12.8,1,2,15,137.6,9.2,0.10%
2013,23,Pierre Thomas (NO),147,549,3.7,18,0,2,84,77,513,6.7,3,1,16,134.2,8.4,0.00%
2013,24,Andre Ellington (ARI),118,652,5.5,80,8,3,57,39,371,9.5,1,0,15,126.3,8.4,0.10%
2013,25,Rashard Mendenhall (ARI),217,687,3.2,28,1,8,21,18,134,7.4,0,3,15,126.1,8.4,0.00%
2013,26,Donald Brown (IND),102,537,5.3,51,4,6,35,27,214,7.9,2,0,16,123.1,7.7,0.00%
2013,27,C.J. Spiller (BUF),202,933,4.6,77,9,2,40,33,185,5.6,0,1,15,121.8,8.1,0.10%
2013,28,Ray Rice (BAL),214,660,3.1,47,1,4,73,58,321,5.5,0,2,15,120.1,8,0.00%
2013,29,LeGarrette Blount (NE),153,772,5,47,5,7,5,2,38,19,0,2,16,119,7.4,0.10%
2013,30,Stevan Ridley (NE),178,773,4.3,29,3,7,12,10,62,6.2,0,4,14,117.5,8.4,0.00%
2013,31,BenJarvus Green-Ellis (CIN),220,756,3.4,25,1,7,8,4,22,5.5,0,2,16,115.8,7.2,0.00%
2013,32,Steven Jackson (ATL),157,543,3.5,50,3,6,49,33,191,5.8,1,0,12,115.4,9.6,0.00%
2013,33,Ben Tate (HOU),181,771,4.3,60,3,4,49,34,140,4.1,0,2,14,111.1,7.9,0.00%
2013,34,Trenton Richardson (IND),188,563,3,22,1,3,52,35,316,9,1,1,16,109.9,6.9,0.00%
2013,35,Cordarrelle Patterson (MIN),12,158,13.2,50,3,3,77,45,469,10.4,4,0,16,104.7,6.5,1.00%
2013,36,Bilal Powell (NYJ),176,697,4,39,3,1,57,36,272,7.6,0,0,16,104.1,6.5,1.00%
2013,37,Darren Sproles (NO),53,220,4.2,38,1,2,89,71,604,8.5,2,2,15,102.4,6.8,0.10%
2013,38,Chris Ivory (NYJ),182,833,4.6,69,8,3,7,2,10,5,0,0,15,102.3,6.8,0.00%
2013,39,Lamar Miller (MIA),177,709,4,49,4,2,35,26,170,6.5,0,1,16,97.9,6.1,0.00%
2013,40,Mike Tolbert (CAR),101,361,3.6,22,2,5,32,27,184,6.8,2,0,16,96.5,6,0.00%
2013,41,Bobby Rainey (TB),150,566,3.8,80,3,5,19,15,46,3.1,1,1,15,95.2,6.3,0.00%
2013,42,Jacquizz Rodgers (ATL),96,332,3.5,19,0,2,62,52,341,6.6,2,1,15,89.3,6,0.00%
2013,43,Montee Ball (DEN),120,559,4.7,45,3,4,27,20,145,7.3,0,3,16,88.4,5.5,0.00%
2013,44,Shane Vereen (NE),44,208,4.7,21,2,1,69,47,427,9.1,3,0,8,87.5,10.9,0.00%
2013,45,Arian Foster (HOU),121,542,4.5,23,2,1,35,22,183,8.3,1,0,8,86.5,10.8,0.00%
2013,46,Daniel Thomas (MIA),109,406,3.7,55,1,4,17,15,63,4.2,2,0,15,82.9,5.5,0.00%
2013,47,James Starks (GB),89,493,5.5,41,6,3,13,10,89,8.9,1,0,13,82.2,6.3,0.00%
2013,48,Darren McFadden (OAK),114,379,3.3,30,4,5,25,17,108,6.4,0,1,10,81.3,8.1,7.00%
2013,49,Marcel Reece (OAK),46,218,4.7,63,1,2,54,32,331,10.3,2,0,16,79.8,5,0.00%
2013,50,Roy Helu (WAS),62,274,4.4,24,2,4,42,31,251,8.1,0,0,16,76.5,4.8,0.00%
2012,1,Adrian Peterson (MIN),348,"2,097",6,82,27,12,51,40,217,5.4,1,2,16,307.4,19.2,1.90%
2012,2,Doug Martin (TB),319,"1,454",4.6,70,11,11,70,49,472,9.6,1,1,16,262.6,16.4,0.00%
2012,3,Arian Foster (HOU),351,"1,424",4.1,46,9,15,58,40,217,5.4,2,2,16,262.1,16.4,0.00%
2012,4,Marshawn Lynch (SEA),315,"1,590",5,77,9,11,30,23,196,8.5,1,2,16,246.6,15.4,0.70%
2012,5,Alfred Morris (WAS),335,"1,613",4.8,39,9,13,16,11,77,7,0,3,16,241,15.1,0.00%
2012,6,Ray Rice (BAL),257,"1,143",4.4,46,5,9,83,61,478,7.8,1,0,16,222.1,13.9,0.00%
2012,7,C.J. Spiller (BUF),207,"1,244",6,62,12,6,57,43,459,10.7,2,3,16,212.3,13.3,0.10%
2012,8,Jamaal Charles (KC),285,"1,509",5.3,91,11,5,48,35,236,6.7,1,3,16,204.5,12.8,0.10%
2012,9,Trenton Richardson (CLE),267,950,3.6,32,2,11,70,51,367,7.2,1,0,15,203.7,13.6,0.00%
2012,10,Frank Gore (SF),258,"1,214",4.7,37,7,8,36,28,234,8.4,1,1,16,202.8,12.7,8.40%
2012,11,Stevan Ridley (NE),290,"1,263",4.4,41,6,12,14,6,51,8.5,0,2,16,199.4,12.5,0.00%
2012,12,Matt Forte (CHI),248,"1,094",4.4,46,6,5,60,44,340,7.7,1,1,15,177.4,11.8,19.10%
2012,13,Chris Johnson (TEN),276,"1,243",4.5,94,8,6,49,36,232,6.4,0,4,16,175.5,11,0.60%
2012,14,Reggie Bush (MIA),227,986,4.3,65,6,6,51,35,292,8.3,2,2,16,171.8,10.7,0.00%
2012,15,Shonn Greene (NYJ),276,"1,063",3.9,36,2,8,31,19,151,7.9,0,1,16,167.4,10.5,0.00%
2012,16,Steven Jackson (LAR),258,"1,045",4.1,46,5,4,53,38,321,8.4,0,0,16,162.6,10.2,0.00%
2012,17,Michael Turner (ATL),222,800,3.6,43,5,10,30,19,128,6.7,1,1,16,156.8,9.8,0.00%
2012,18,Ahmad Bradshaw (NYG),221,"1,015",4.6,37,4,6,31,23,245,10.7,0,3,14,156,11.1,0.00%
2012,19,BenJarvus Green-Ellis (CIN),278,"1,094",3.9,48,7,6,29,22,104,4.7,0,2,15,151.8,10.1,0.00%
2012,20,Mikel Leshoure (DET),215,798,3.7,16,0,9,48,34,214,6.3,0,3,14,149.2,10.7,0.00%
2012,21,LeSean McCoy (PHI),200,840,4.2,34,7,2,67,54,373,6.9,3,3,12,145.3,12.1,2.00%
2012,22,Darren Sproles (NO),48,244,5.1,47,2,1,104,75,667,8.9,7,0,13,141.1,10.9,0.10%
2012,23,DeAngelo Williams (CAR),173,737,4.3,65,5,5,20,13,187,14.4,2,2,16,130.4,8.1,0.10%
2012,24,Danny Woodhead (NE),76,301,4,19,0,4,55,40,446,11.2,3,0,16,116.7,7.3,20.60%
2012,25,Vick Ballard (IND),211,814,3.9,26,4,2,27,17,152,8.9,1,0,16,114.6,7.2,0.00%
2012,26,Willis McGahee (DEN),167,731,4.4,31,2,4,33,26,221,8.5,0,4,10,113.2,11.3,0.00%
2012,27,DeMarco Murray (DAL),161,663,4.1,48,5,4,42,35,251,7.2,0,2,10,111.4,11.1,0.10%
2012,28,Darren McFadden (OAK),216,707,3.3,64,4,2,62,42,258,6.1,1,2,12,110.5,9.2,7.00%
2012,29,Joique Bell (DET),82,414,5,67,3,3,69,52,485,9.3,0,2,16,103.9,6.5,0.20%
2012,30,Ryan Mathews (LAC),184,707,3.8,31,1,1,57,39,252,6.5,0,2,12,97.9,8.2,0.00%
2012,31,Andre Brown (NYG),73,385,5.3,31,3,8,17,12,86,7.2,0,0,10,97.1,9.7,0.00%
2012,32,Pierre Thomas (NO),105,473,4.5,48,2,1,53,39,354,9.1,1,0,15,94.7,6.3,0.00%
2012,33,Mark Ingram II (NO),156,602,3.9,31,4,5,10,6,29,4.8,0,0,16,93.1,5.8,1.00%
2012,34,Felix Jones (DAL),111,402,3.6,22,1,3,36,25,262,10.5,2,2,16,92.4,5.8,0.00%
2012,35,Knowshon Moreno (DEN),138,525,3.8,20,1,4,26,21,167,8,0,1,8,91.2,11.4,0.00%
2012,36,Jacquizz Rodgers (ATL),94,362,3.9,43,2,1,59,53,402,7.6,1,0,16,88.4,5.5,0.00%
2012,37,Mike Tolbert (CAR),54,183,3.4,13,0,7,39,27,268,9.9,0,0,16,87.1,5.4,0.00%
2012,38,Marcel Reece (OAK),59,271,4.6,17,0,0,73,52,496,9.5,1,0,16,82.7,5.2,0.00%
2012,39,Bilal Powell (NYJ),110,437,4,18,0,4,36,17,140,8.2,0,0,14,81.7,5.8,1.00%
2012,40,Fred Jackson (BUF),115,437,3.8,15,0,3,42,34,217,6.4,1,4,10,81.4,8.1,0.00%
2012,41,Jonathan Dwyer (PIT),156,623,4,34,3,2,25,18,106,5.9,0,2,13,80.9,6.2,0.00%
2012,42,Bryce Brown (PHI),115,564,4.9,65,6,4,19,13,56,4.3,0,3,16,80,5,0.00%
2012,43,Michael Bush (CHI),114,411,3.6,20,2,5,11,9,83,9.2,0,1,13,77.4,6,0.00%
2012,44,Isaac Redman (PIT),110,410,3.7,28,3,2,23,19,244,12.8,0,3,14,71.4,5.1,0.00%
2012,45,LaRod Stephens-Howling (ARI),110,356,3.2,52,3,4,30,17,106,6.2,0,0,14,70.2,5,0.00%
2012,46,Daniel Thomas (MIA),91,325,3.6,20,2,4,22,15,156,10.4,0,2,12,68.1,5.7,0.00%
2012,47,David Wilson (NYG),71,358,5,52,5,4,9,4,34,8.5,1,1,16,67.2,4.2,0.00%
2012,48,Jackie Battle (LAC),95,311,3.3,52,2,3,15,15,108,7.2,1,0,16,65.9,4.1,0.00%
2012,49,Bernard Pierce (BAL),108,532,4.9,78,3,1,11,7,47,6.7,0,0,16,63.9,4,0.00%
2012,50,Maurice Jones-Drew (JAC),86,414,4.8,59,3,1,18,14,86,6.1,1,0,6,62,10.3,0.00%
2012,50,Shane Vereen (NE),62,251,4,16,0,3,13,8,149,18.6,1,1,13,62,4.8,0.00%
2011,1,Ray Rice (BAL),291,"1,364",4.7,70,9,12,104,76,704,9.3,3,2,16,296.8,18.5,0.00%
2011,2,LeSean McCoy (PHI),273,"1,309",4.8,60,14,17,69,48,315,6.6,3,1,15,280.4,18.7,2.00%
2011,3,Maurice Jones-Drew (JAC),343,"1,606",4.7,56,9,8,63,43,374,8.7,3,1,16,262,16.4,0.00%
2011,4,Arian Foster (HOU),278,"1,224",4.4,43,7,10,72,53,617,11.6,2,3,13,250.1,19.2,0.00%
2011,5,Marshawn Lynch (SEA),285,"1,204",4.2,47,4,12,41,28,212,7.6,1,2,15,215.6,14.4,0.70%
2011,6,Michael Turner (ATL),301,"1,340",4.5,81,11,11,26,17,168,9.9,0,2,16,212.8,13.3,0.00%
2011,7,Adrian Peterson (MIN),208,970,4.7,54,7,12,23,18,139,7.7,1,0,12,188.9,15.7,1.90%
2011,8,Ryan Mathews (LAC),222,"1,091",4.9,39,9,6,59,50,455,9.1,0,2,14,186.6,13.3,0.00%
2011,9,Michael Bush (OAK),256,977,3.8,44,5,7,47,37,418,11.3,1,1,16,185.5,11.6,0.00%
2011,10,Darren Sproles (NO),87,603,6.9,36,7,2,112,86,710,8.3,7,0,16,185.3,11.6,0.10%
2011,11,Steven Jackson (LAR),260,"1,145",4.4,47,6,5,58,42,333,7.9,1,1,15,181.8,12.1,0.00%
2011,12,Frank Gore (SF),282,"1,211",4.3,55,11,8,31,17,114,6.7,0,2,16,176.5,11,8.40%
2011,13,Reggie Bush (MIA),216,"1,086",5,76,7,6,52,43,296,6.9,1,2,15,176.2,11.7,0.00%
2011,14,Fred Jackson (BUF),170,934,5.5,80,10,6,50,39,442,11.3,0,2,10,169.6,17,0.00%
2011,15,Matt Forte (CHI),203,997,4.9,46,12,3,76,52,490,9.4,1,2,12,168.7,14.1,19.10%
2011,16,Chris Johnson (TEN),262,"1,047",4,48,11,4,79,57,418,7.3,0,1,16,168.5,10.5,0.60%
2011,17,Beanie Wells (ARI),245,"1,047",4.3,71,5,10,16,10,52,5.2,0,2,14,165.9,11.9,0.00%
2011,18,Shonn Greene (NYJ),253,"1,054",4.2,31,4,6,41,30,211,7,0,0,16,162.5,10.2,0.00%
2011,19,Rashard Mendenhall (PIT),228,928,4.1,68,3,9,28,18,154,8.6,0,1,15,160.2,10.7,0.00%
2011,20,Ahmad Bradshaw (NYG),171,659,3.9,37,3,9,44,34,267,7.9,2,1,12,158.6,13.2,0.00%
2011,21,Willis McGahee (DEN),249,"1,199",4.8,60,10,4,20,12,51,4.3,1,3,15,151,10.1,0.00%
2011,22,Mike Tolbert (LAC),121,490,4,40,3,8,79,54,433,8,2,1,15,150.3,10,0.00%
2011,23,BenJarvus Green-Ellis (NE),181,667,3.7,18,0,11,13,9,159,17.7,0,0,16,148.6,9.3,0.00%
2011,24,Jonathan Stewart (CAR),142,761,5.4,32,6,4,61,47,413,8.8,1,0,16,147.4,9.2,0.00%
2011,25,Cedric Benson (CIN),273,"1,067",3.9,42,4,6,22,15,82,5.5,0,2,15,146.9,9.8,0.00%
2011,26,DeAngelo Williams (CAR),155,836,5.4,74,11,7,25,16,135,8.4,0,0,16,139.1,8.7,0.10%
2011,27,Pierre Thomas (NO),110,562,5.1,33,2,5,59,50,425,8.5,1,1,16,132.7,8.3,0.00%
2011,28,Ben Tate (HOU),175,942,5.4,56,6,4,19,13,98,7.5,0,3,15,122,8.1,0.00%
2011,29,DeMarco Murray (DAL),164,897,5.5,91,7,2,35,26,183,7,0,0,13,120,9.2,0.10%
2011,30,Brandon Jacobs (NYG),152,571,3.8,28,1,7,23,15,128,8.5,1,0,14,119.9,8.6,0.00%
2011,31,C.J. Spiller (BUF),107,561,5.2,38,7,4,53,39,269,6.9,2,0,16,119,7.4,0.10%
2011,32,LeGarrette Blount (TB),184,781,4.2,54,4,5,25,15,148,9.9,0,3,14,116.9,8.4,0.10%
2011,33,Roy Helu (WAS),151,640,4.2,28,4,2,59,49,379,7.7,1,2,15,115.9,7.7,0.00%
2011,34,Darren McFadden (OAK),113,614,5.4,70,8,4,23,19,154,8.1,1,1,7,104.8,15,7.00%
2011,35,Donald Brown (IND),134,645,4.8,80,4,5,19,16,86,5.4,0,0,16,103.1,6.4,0.00%
2011,36,Ryan Grant (GB),134,559,4.2,47,2,2,24,19,268,14.1,1,1,15,98.7,6.6,0.00%
2011,37,Toby Gerhart (MIN),109,531,4.9,67,3,1,28,23,190,8.3,3,0,16,96.1,6,0.00%
2011,38,Kevin Smith (DET),72,356,4.9,43,2,4,28,22,179,8.1,3,1,7,93.5,13.4,0.00%
2011,39,LaDainian Tomlinson (NYJ),75,280,3.7,20,1,1,61,42,449,10.7,2,0,14,90.9,6.5,0.00%
2011,40,Dexter McCluster (KC),114,516,4.5,32,4,1,64,46,328,7.1,1,3,16,90.4,5.7,0.00%
2011,41,Peyton Hillis (CLE),161,587,3.6,24,1,3,34,22,130,5.9,0,1,10,87.7,8.8,0.00%
2011,42,Jahvid Best (DET),84,390,4.6,88,2,2,40,27,287,10.6,1,0,6,85.7,14.3,0.00%
2011,43,James Starks (GB),133,578,4.3,40,5,1,37,29,216,7.4,0,1,13,83.4,6.4,0.00%
2011,44,Felix Jones (DAL),127,575,4.5,40,4,1,44,33,221,6.7,0,2,12,81.6,6.8,0.00%
2011,45,Marion Barber (CHI),114,422,3.7,29,2,6,9,5,50,10,0,1,11,81.2,7.4,0.00%
2011,46,Mark Ingram II (NO),122,474,3.9,35,2,5,13,11,46,4.2,0,1,10,80,8,1.00%
2011,47,Kendall Hunter (SF),112,473,4.2,44,3,2,26,16,195,12.2,0,0,16,78.8,4.9,0.00%
2011,48,Jackie Battle (KC),149,597,4,34,3,2,13,9,68,7.6,0,0,15,78.5,5.2,0.00%
2011,49,Isaac Redman (PIT),110,479,4.4,27,3,3,22,18,78,4.3,0,2,16,69.7,4.4,0.00%
2011,50,Daniel Thomas (MIA),165,581,3.5,28,2,0,16,12,72,6,1,1,13,69.3,5.3,0.00%
2010,1,Arian Foster (HOU),327,"1,616",4.9,74,12,16,84,66,604,9.2,2,2,16,326,20.4,0.00%
2010,2,Adrian Peterson (MIN),283,"1,298",4.6,80,9,12,50,36,341,9.5,1,1,15,239.9,16,1.90%
2010,3,Jamaal Charles (KC),230,"1,467",6.4,80,10,5,64,45,468,10.4,3,2,16,237.5,14.8,0.10%
2010,4,Peyton Hillis (CLE),270,"1,177",4.4,48,5,11,77,61,477,7.8,2,5,16,233.9,14.6,0.00%
2010,5,Chris Johnson (TEN),316,"1,364",4.3,76,13,11,57,44,245,5.6,1,2,16,228.9,14.3,0.60%
2010,6,Darren McFadden (OAK),223,"1,157",5.2,57,14,7,61,47,507,10.8,3,3,13,220.4,17,7.00%
2010,7,LeSean McCoy (PHI),207,"1,080",5.2,62,7,7,90,78,592,7.6,2,1,15,219.2,14.6,2.00%
2010,8,Rashard Mendenhall (PIT),324,"1,273",3.9,50,11,13,34,23,167,7.3,0,2,16,218,13.6,0.00%
2010,9,Matt Forte (CHI),237,"1,069",4.5,68,9,6,70,51,547,10.7,3,2,16,213.6,13.4,19.10%
2010,9,Michael Turner (ATL),334,"1,371",4.1,55,9,12,20,12,85,7.1,0,2,16,213.6,13.4,0.00%
2010,9,Ray Rice (BAL),307,"1,220",4,50,4,5,83,63,556,8.8,1,0,16,213.6,13.3,0.00%
2010,12,Maurice Jones-Drew (JAC),299,"1,324",4.4,37,8,5,44,34,317,9.3,2,2,14,200.1,14.3,0.00%
2010,13,Steven Jackson (LAR),330,"1,241",3.8,42,7,6,61,46,383,8.3,0,1,16,196.4,12.3,0.00%
2010,14,Ahmad Bradshaw (NYG),276,"1,235",4.5,48,13,8,58,47,314,6.7,0,6,16,192.9,12.1,0.00%
2010,15,BenJarvus Green-Ellis (NE),229,"1,008",4.4,33,4,13,16,12,85,7.1,0,0,16,187.3,11.7,0.00%
2010,16,Cedric Benson (CIN),321,"1,111",3.5,26,2,7,37,28,178,6.4,1,5,16,168.9,10.6,0.00%
2010,17,LaDainian Tomlinson (NYJ),219,914,4.2,31,5,6,79,52,368,7.1,0,0,15,164.2,10.9,0.00%
2010,18,Knowshon Moreno (DEN),182,779,4.3,35,3,5,48,37,372,10.1,3,2,13,159.1,12.2,0.00%
2010,19,Mike Tolbert (LAC),182,735,4,36,6,11,29,25,216,8.6,0,3,15,157.1,10.5,0.00%
2010,20,Frank Gore (SF),203,853,4.2,64,6,3,72,46,452,9.8,2,2,11,156.5,14.2,8.40%
2010,21,Fred Jackson (BUF),222,927,4.2,39,6,5,54,31,215,6.9,2,2,16,152.2,9.5,0.00%
2010,22,Brandon Jacobs (NYG),147,823,5.6,73,10,9,13,7,59,8.4,0,2,16,138.2,8.6,0.00%
2010,22,Jahvid Best (DET),171,555,3.2,45,3,4,80,58,487,8.4,2,1,16,138.2,8.6,0.00%
2010,24,Thomas Jones (KC),245,896,3.7,70,3,6,20,14,122,8.7,0,1,16,135.8,8.5,0.00%
2010,25,Felix Jones (DAL),185,800,4.3,34,3,1,52,48,450,9.4,1,1,16,135,8.4,0.00%
2010,26,Michael Bush (OAK),158,655,4.1,30,5,8,24,18,194,10.8,0,0,14,132.9,9.5,0.00%
2010,27,LeGarrette Blount (TB),201,"1,007",5,53,10,6,7,5,14,2.8,0,3,13,132.1,10.2,0.10%
2010,28,Brandon Jackson (GB),190,703,3.7,71,2,3,50,43,342,8,1,0,16,128.5,8,0.00%
2010,29,Danny Woodhead (NE),97,547,5.6,36,3,5,44,34,379,11.1,1,1,15,126.6,8.4,20.60%
2010,30,Ronnie Brown (MIA),200,734,3.7,51,1,5,42,33,242,7.3,0,2,16,123.6,7.7,0.00%
2010,31,Ryan Torain (WAS),164,742,4.5,54,7,4,27,18,125,6.9,2,1,10,120.7,12.1,0.00%
2010,32,Ryan Mathews (LAC),158,678,4.3,31,4,7,26,22,145,6.6,0,3,12,118.3,9.9,0.00%
2010,33,Marshawn Lynch (SEA),202,737,3.6,39,5,6,26,22,145,6.6,0,4,16,116.2,7.3,0.70%
2010,34,Tim Hightower (ARI),153,736,4.8,80,8,5,42,21,136,6.5,0,4,16,109.2,6.8,0.00%
2010,35,Chris Ivory (NO),137,716,5.2,55,5,5,1,1,17,17,0,2,12,99.3,8.3,0.00%
2010,36,Jonathan Stewart (CAR),178,770,4.3,48,5,2,14,8,103,12.9,1,4,14,97.3,7,0.00%
2010,37,Shonn Greene (NYJ),185,766,4.1,23,1,2,24,16,120,7.5,0,2,15,96.6,6.4,0.00%
2010,38,Ricky Williams (MIA),159,673,4.2,45,3,2,30,19,141,7.4,1,2,16,95.4,6,0.00%
2010,39,Cadillac Williams (TB),125,437,3.5,45,3,2,64,46,355,7.7,1,1,16,95.2,6,0.00%
2010,40,Jason Snelling (ATL),87,324,3.7,30,1,2,51,44,303,6.9,3,0,14,92.7,6.6,0.00%
2010,41,Rashad Jennings (JAC),84,459,5.5,74,1,4,34,26,223,8.6,0,0,13,92.2,7.1,0.00%
2010,42,Justin Forsett (SEA),118,523,4.4,32,5,2,51,33,252,7.6,0,0,16,89.5,5.6,0.00%
2010,43,Mike Goodson (CAR),103,452,4.4,45,3,3,57,40,310,7.8,0,3,16,88.2,5.5,0.00%
2010,44,Keiland Williams (WAS),65,261,4,32,2,3,58,39,309,7.9,2,1,15,85,5.7,0.00%
2010,45,Darren Sproles (LAC),50,267,5.3,34,3,0,75,59,520,8.8,2,3,16,84.7,5.3,0.10%
2010,46,Joseph Addai (IND),116,495,4.3,46,1,4,26,19,124,6.5,0,1,8,83.9,10.5,0.00%
2010,47,Donald Brown (IND),129,497,3.9,49,4,2,28,20,205,10.3,0,0,13,82.2,6.3,0.00%
2010,48,Maurice Morris (DET),90,336,3.7,26,1,5,31,25,170,6.8,0,0,13,80.6,6.2,0.00%
2010,49,Brian Westbrook (SF),77,340,4.4,30,1,4,24,16,150,9.4,1,0,13,79,6.1,0.00%
2010,50,Willis McGahee (BAL),100,380,3.8,30,3,5,17,14,55,3.9,1,2,15,75.5,5,0.00%
2009,1,Chris Johnson (TEN),358,"2,006",5.6,91,22,14,71,50,503,10.1,2,3,16,342.9,21.4,0.60%
2009,2,Adrian Peterson (MIN),314,"1,383",4.4,64,12,18,57,43,436,10.1,0,6,16,277.9,17.4,1.90%
2009,3,Maurice Jones-Drew (JAC),312,"1,391",4.5,80,8,15,71,53,374,7.1,1,1,16,270.5,16.9,0.00%
2009,4,Ray Rice (BAL),254,"1,339",5.3,59,11,7,101,78,702,9,1,3,16,246.1,15.4,0.00%
2009,5,Thomas Jones (NYJ),331,"1,402",4.2,71,8,14,18,10,58,5.8,0,0,16,230,14.4,0.00%
2009,6,Frank Gore (SF),229,"1,120",4.9,80,11,10,75,52,406,7.8,3,2,14,226.6,16.2,8.40%
2009,7,Ricky Williams (MIA),241,"1,121",4.7,68,4,11,53,35,264,7.5,2,2,16,212.5,13.3,0.00%
2009,8,Ryan Grant (GB),282,"1,253",4.4,62,8,11,30,25,197,7.9,0,1,16,209,13.1,0.00%
2009,9,Joseph Addai (IND),219,828,3.8,21,2,10,63,51,336,6.6,3,1,15,197.3,13.2,0.00%
2009,10,Steven Jackson (LAR),324,"1,416",4.4,58,10,4,75,51,322,6.3,0,2,15,193.8,12.9,0.00%
2009,11,Jonathan Stewart (CAR),221,"1,133",5.1,67,11,10,26,18,139,7.7,1,2,16,189.2,11.8,0.00%
2009,12,Jamaal Charles (KC),190,"1,120",5.9,76,9,7,56,40,297,7.4,1,3,15,185.7,12.4,0.10%
2009,13,Rashard Mendenhall (PIT),242,"1,108",4.6,60,9,7,32,25,261,10.4,1,3,16,178.9,11.2,0.00%
2009,14,DeAngelo Williams (CAR),216,"1,117",5.2,77,7,7,41,29,252,8.7,0,3,13,174.9,13.5,0.10%
2009,15,Cedric Benson (CIN),301,"1,251",4.2,42,10,6,24,17,111,6.5,0,0,13,172.2,13.2,0.00%
2009,16,Fred Jackson (BUF),237,"1,062",4.5,43,5,2,60,46,371,8.1,2,2,16,168.4,10.5,0.00%
2009,17,Knowshon Moreno (DEN),247,947,3.8,36,2,7,41,28,213,7.6,2,4,16,162,10.1,0.00%
2009,18,Matt Forte (CHI),258,929,3.6,61,3,4,72,57,471,8.3,0,3,16,160,10,19.10%
2009,19,LaDainian Tomlinson (LAC),223,730,3.3,36,3,12,30,20,154,7.7,0,2,14,156.4,11.2,0.00%
2009,20,Pierre Thomas (NO),147,793,5.4,34,7,6,45,39,302,7.7,2,1,14,155.5,11.1,0.00%
2009,21,Marion Barber (DAL),214,932,4.4,35,5,7,36,26,221,8.5,0,2,15,153.3,10.2,0.00%
2009,22,Michael Turner (ATL),178,871,4.9,58,9,10,7,5,35,7,0,2,11,146.6,13.3,0.00%
2009,23,Jerome Harrison (CLE),194,862,4.4,71,3,5,50,34,220,6.5,2,2,14,146.2,10.4,0.00%
2009,24,Cadillac Williams (TB),211,823,3.9,35,7,4,39,28,217,7.8,3,0,16,146,9.1,0.00%
2009,25,Willis McGahee (BAL),109,544,5,77,3,12,22,15,85,5.7,2,1,16,144.9,9.1,0.00%
2009,26,Tim Hightower (ARI),143,598,4.2,50,2,8,80,63,428,6.8,0,4,16,142.6,8.9,0.00%
2009,27,Kevin Smith (DET),217,747,3.4,31,2,4,57,41,415,10.1,1,2,13,142.2,10.9,0.00%
2009,28,Ahmad Bradshaw (NYG),163,778,4.8,38,6,7,30,21,207,9.9,0,2,15,136.5,9.1,0.00%
2009,29,Brandon Jacobs (NYG),224,835,3.7,31,2,5,31,18,184,10.2,1,1,15,135.9,9.1,0.00%
2009,30,Laurence Maroney (NE),194,757,3.9,45,2,9,17,14,99,7.1,0,4,15,131.6,8.8,0.00%
2009,30,Beanie Wells (ARI),176,793,4.5,33,4,7,16,12,143,11.9,0,2,16,131.6,8.2,0.00%
2009,32,Ronnie Brown (MIA),147,648,4.4,45,3,8,20,14,98,7,0,1,9,125.4,13.9,0.00%
2009,33,Justin Forsett (SEA),114,619,5.4,35,6,4,57,41,350,8.5,1,1,16,124.9,7.8,0.00%
2009,34,Darren Sproles (LAC),93,343,3.7,21,2,3,57,45,497,11,4,1,16,124,7.7,0.10%
2009,35,LeSean McCoy (PHI),155,637,4.1,66,1,4,55,40,308,7.7,0,1,16,118.5,7.4,2.00%
2009,36,Steve Slaton (HOU),131,437,3.3,32,3,3,55,44,417,9.5,4,5,11,117.4,10.7,0.00%
2009,37,Reggie Bush (NO),70,390,5.6,55,2,5,68,47,335,7.1,3,2,14,116.5,8.3,0.00%
2009,38,Jason Snelling (ATL),142,613,4.3,31,6,4,39,30,259,8.6,1,1,14,115.2,8.2,0.00%
2009,39,Felix Jones (DAL),116,685,5.9,56,5,3,22,19,119,6.3,0,2,14,94.4,6.7,0.00%
2009,40,Mike Bell (NO),172,654,3.8,35,4,5,4,4,12,3,0,2,13,92.6,7.1,0.00%
2009,41,Correll Buckhalter (DEN),120,642,5.4,45,5,1,38,31,240,7.7,0,2,14,90.2,6.4,0.00%
2009,42,Chester Taylor (MIN),94,338,3.6,25,1,1,59,44,389,8.8,1,0,16,84.7,5.3,0.00%
2009,43,Michael Bush (OAK),123,589,4.8,60,3,3,19,17,105,6.2,0,2,16,83.4,5.2,0.00%
2009,44,Kevin Faulk (NE),62,335,5.4,29,1,2,53,37,301,8.1,1,0,15,81.6,5.4,0.00%
2009,45,Justin Fargas (OAK),129,491,3.8,35,3,3,21,17,113,6.6,0,0,12,78.4,6.5,0.00%
2009,46,Ryan Moats (HOU),101,390,3.9,17,0,4,15,13,106,8.2,1,2,12,75.6,6.3,0.00%
2009,47,Derrick Ward (TB),114,409,3.6,28,3,1,24,20,150,7.5,2,0,14,73.9,5.3,0.00%
2009,48,Maurice Morris (DET),93,384,4.1,64,1,2,38,26,210,8.1,0,0,14,73.4,5.2,0.00%
2009,49,Marshawn Lynch (BUF),120,450,3.8,47,2,2,37,28,179,6.4,0,1,13,72.9,5.6,0.70%
2009,50,Leonard Weaver (PHI),70,323,4.6,41,1,2,26,15,140,9.3,2,0,16,70.3,4.4,0.00%
2008,1,DeAngelo Williams (CAR),273,"1,515",5.5,69,15,18,3,22,121,5.5,2,0,16,285.6,17.8,0.10%
2008,2,Michael Turner (ATL),376,"1,699",4.5,70,11,17,0,6,41,6.8,0,0,16,276,17.3,0.00%
2008,3,Adrian Peterson (MIN),363,"1,760",4.8,67,20,10,4,21,125,6,0,0,16,248.5,15.5,1.90%
2008,4,Matt Forte (CHI),316,"1,238",3.9,50,8,8,16,63,477,7.6,4,0,16,243.5,15.2,19.10%
2008,5,Thomas Jones (NYJ),290,"1,312",4.5,59,6,13,4,36,207,5.8,2,0,16,241.9,15.1,0.00%
2008,6,Steve Slaton (HOU),268,"1,282",4.8,71,13,9,9,50,377,7.5,1,0,16,225.9,14.1,0.00%
2008,7,LaDainian Tomlinson (LAC),292,"1,110",3.8,45,6,11,4,52,426,8.2,1,0,16,225.6,14.1,0.00%
2008,8,Clinton Portis (WAS),342,"1,487",4.3,31,13,9,2,28,218,7.8,0,0,16,224.5,14,0.00%
2008,9,Maurice Jones-Drew (JAC),197,824,4.2,46,3,12,10,62,565,9.1,2,1,16,220.9,13.8,0.00%
2008,10,Brian Westbrook (PHI),233,936,4,39,5,9,14,54,402,7.4,5,0,14,217.8,15.6,0.00%
2008,11,Chris Johnson (TEN),251,"1,228",4.9,66,9,9,2,43,260,6,1,0,15,208.8,13.9,0.60%
2008,12,Brandon Jacobs (NYG),219,"1,089",5,44,12,15,0,6,36,6,0,0,13,202.5,15.6,0.00%
2008,13,Frank Gore (SF),240,"1,036",4.3,41,8,6,9,43,373,8.7,2,0,14,190.9,13.6,8.40%
2008,14,Steven Jackson (LAR),253,"1,042",4.1,56,6,7,8,40,379,9.5,1,0,12,190.1,15.8,0.00%
2008,15,Marshawn Lynch (BUF),250,"1,036",4.1,50,5,8,6,47,300,6.4,1,0,15,187.6,12.5,0.70%
2008,16,Marion Barber (DAL),238,885,3.7,35,4,7,0,52,417,8,2,0,15,184.2,12.3,0.00%
2008,17,Ronnie Brown (MIA),214,916,4.3,62,4,10,5,33,254,7.7,0,0,16,182.7,11.4,0.00%
2008,18,Kevin Smith (DET),238,976,4.1,50,8,8,0,39,286,7.3,0,0,16,174.2,10.9,0.00%
2008,19,LenDale White (TEN),200,773,3.9,80,4,15,0,5,16,3.2,0,0,16,168.9,10.6,0.00%
2008,20,Le'Ron McClain (BAL),232,902,3.9,82,2,10,4,19,123,6.5,1,0,16,168.5,10.5,0.00%
2008,21,Pierre Thomas (NO),129,625,4.8,42,3,9,9,31,284,9.2,3,0,15,162.9,10.9,0.00%
2008,22,Ryan Grant (GB),312,"1,203",3.9,57,6,4,0,18,116,6.4,1,0,16,161.9,10.1,0.00%
2008,23,Derrick Ward (NYG),182,"1,025",5.6,51,8,2,0,41,384,9.4,0,0,16,152.9,9.6,0.00%
2008,24,Jonathan Stewart (CAR),184,836,4.5,41,8,10,1,8,47,5.9,0,0,16,148.3,9.3,0.00%
2008,25,Jamal Lewis (CLE),279,"1,002",3.6,29,3,4,5,23,178,7.7,0,0,16,142,8.9,0.00%
2008,26,Dominic Rhodes (IND),152,538,3.5,38,3,6,3,45,302,6.7,3,0,15,140,9.3,0.00%
2008,27,Kevin Faulk (NE),83,507,6.1,41,4,3,13,58,486,8.4,3,0,15,135.2,9,0.00%
2008,28,Sammy Morris (NE),156,727,4.7,35,6,7,2,17,161,9.5,0,0,13,130.8,10.1,0.00%
2008,29,Leon Washington (NYJ),76,448,5.9,61,3,6,11,47,355,7.6,2,0,16,130.3,8.1,0.00%
2008,30,Larry Johnson (KC),193,874,4.5,65,7,5,0,12,74,6.2,0,0,12,129,10.8,0.00%
2008,31,Mewelde Moore (PIT),140,588,4.2,32,4,5,3,40,320,8,1,0,16,126.8,7.9,0.00%
2008,32,Willis McGahee (BAL),170,671,3.9,77,1,7,3,24,173,7.2,0,1,13,124.4,9.6,0.00%
2008,33,Tim Hightower (ARI),143,399,2.8,30,1,10,3,34,237,7,0,0,16,123.6,7.7,0.00%
2008,33,Warrick Dunn (TB),186,786,4.2,40,3,2,5,47,330,7,0,0,15,123.6,8.2,0.00%
2008,35,Reggie Bush (NO),106,404,3.8,43,4,2,2,52,440,8.5,4,0,10,120.4,12,0.00%
2008,36,Chester Taylor (MIN),101,399,4,21,2,4,2,45,399,8.9,2,0,16,120,7.5,0.00%
2008,37,Jerious Norwood (ATL),95,489,5.1,45,4,4,0,36,338,9.4,2,0,16,118.7,7.4,0.00%
2008,38,Ricky Williams (MIA),160,659,4.1,51,4,4,2,29,219,7.6,1,0,16,117.8,7.4,0.00%
2008,39,Joseph Addai (IND),155,544,3.5,23,1,5,4,25,206,8.2,2,0,12,117,9.8,0.00%
2008,40,Willie Parker (PIT),210,791,3.8,34,4,5,1,3,13,4.3,0,0,11,110.4,10,0.00%
2008,41,Fred Jackson (BUF),130,571,4.4,32,3,3,6,37,317,8.6,0,0,16,106.8,6.7,0.00%
2008,42,Cedric Benson (CIN),214,747,3.5,46,3,2,0,20,185,9.3,0,0,12,105.2,8.8,0.00%
2008,42,Darren Sproles (LAC),61,330,5.4,37,3,1,0,29,342,11.8,5,0,16,105.2,6.6,0.10%
2008,44,Darren McFadden (OAK),113,499,4.4,50,4,4,0,29,285,9.8,0,0,13,102.4,7.9,7.00%
2008,45,Earnest Graham (TB),132,563,4.3,68,3,4,6,23,174,7.6,0,2,10,97.8,9.8,0.00%
2008,46,Correll Buckhalter (PHI),76,369,4.9,33,5,2,10,26,324,12.5,2,0,14,93.3,6.7,0.00%
2008,47,Deuce McAllister (NO),107,418,3.9,19,0,5,0,18,128,7.1,1,0,13,90.6,7,0.00%
2008,48,Peyton Hillis (DEN),68,343,5,19,0,5,0,14,179,12.8,1,0,12,88.2,7.4,0.00%
2008,49,Justin Fargas (OAK),218,853,3.9,42,2,1,0,10,52,5.2,0,0,14,81.3,5.8,0.00%
2008,50,Maurice Morris (SEA),132,574,4.3,45,4,0,5,19,136,7.2,2,1,13,81,6.2,0.00%
2007,1,LaDainian Tomlinson (LAC),315,"1,474",4.7,49,12,15,15,60,475,7.9,3,0,16,307.6,19.2,0.00%
2007,2,Brian Westbrook (PHI),278,"1,333",4.8,36,11,7,16,90,771,8.6,5,1,15,280.4,18.7,0.00%
2007,3,Adrian Peterson (MIN),238,"1,341",5.6,73,11,12,3,19,268,14.1,1,1,14,236.9,16.9,1.90%
2007,4,Clinton Portis (WAS),325,"1,262",3.9,32,3,11,0,47,389,8.3,0,0,16,235.7,14.7,0.00%
2007,5,Joseph Addai (IND),261,"1,072",4.1,23,1,12,0,41,364,8.9,3,0,15,235.6,15.7,0.00%
2007,6,Jamal Lewis (CLE),298,"1,304",4.4,66,9,9,7,30,248,8.3,2,0,15,221.2,14.7,0.00%
2007,7,Marion Barber (DAL),204,975,4.8,54,8,10,0,44,282,6.4,2,0,16,197.7,12.4,0.00%
2007,8,Willis McGahee (BAL),294,"1,207",4.1,46,5,7,2,43,231,5.4,1,0,15,191.8,12.8,0.00%
2007,9,Frank Gore (SF),260,"1,102",4.2,43,5,5,2,53,436,8.2,1,0,15,189.8,12.7,8.40%
2007,10,Edgerrin James (ARI),324,"1,222",3.8,27,3,7,2,24,204,8.5,0,0,16,184.6,11.5,0.00%
2007,11,Earnest Graham (TB),222,898,4,28,6,10,0,49,324,6.6,0,0,15,182.2,12.1,0.00%
2007,12,Marshawn Lynch (BUF),280,"1,115",4,56,6,7,2,18,184,10.2,0,0,13,178.2,13.7,0.70%
2007,13,Maurice Jones-Drew (JAC),167,768,4.6,57,7,9,0,40,407,10.2,0,0,15,171.5,11.4,0.00%
2007,14,Steven Jackson (LAR),237,"1,002",4.2,54,7,5,4,38,271,7.1,1,0,12,167.4,13.9,0.00%
2007,15,LenDale White (TEN),303,"1,110",3.7,28,2,7,0,20,114,5.7,0,0,16,164.4,10.3,0.00%
2007,16,Willie Parker (PIT),321,"1,316",4.1,32,9,2,0,23,164,7.1,0,0,15,160,10.7,0.00%
2007,17,Ryan Grant (GB),188,956,5.1,66,10,8,3,30,145,4.8,0,1,15,156.1,10.4,0.00%
2007,18,Fred Taylor (JAC),223,"1,202",5.4,80,8,5,0,9,58,6.4,0,0,15,156,10.4,0.00%
2007,19,Kenny Watson (CIN),178,763,4.3,24,1,7,0,52,374,7.2,0,0,15,155.7,10.4,0.00%
2007,20,Chester Taylor (MIN),157,844,5.4,84,6,7,8,29,281,9.7,0,1,14,152.5,10.9,0.00%
2007,21,Brandon Jacobs (NYG),202,"1,009",5,43,4,4,4,23,174,7.6,2,2,11,150.3,13.7,0.00%
2007,22,Thomas Jones (NYJ),310,"1,119",3.6,36,2,1,5,28,217,7.8,1,0,16,145.6,9.1,0.00%
2007,23,Reggie Bush (NO),157,581,3.7,22,2,4,13,73,417,5.7,2,0,12,141.8,11.8,0.00%
2007,24,Laurence Maroney (NE),185,835,4.5,59,2,6,0,4,116,29,0,0,13,133.1,10.2,0.00%
2007,25,Ronnie Brown (MIA),119,602,5.1,60,2,4,0,39,389,10,1,0,7,131.1,18.7,0.00%
2007,26,Kevin Jones (DET),153,581,3.8,34,2,8,0,32,197,6.2,0,0,13,125.8,9.7,0.00%
2007,26,DeShaun Foster (CAR),247,876,3.5,20,1,3,11,25,182,7.3,1,2,16,125.8,7.9,0.00%
2007,28,Ron Dayne (HOU),194,773,4,39,5,6,2,17,112,6.6,0,0,13,124.5,9.6,0.00%
2007,29,Warrick Dunn (ATL),227,720,3.2,38,3,4,9,37,238,6.4,0,0,16,119.8,7.5,0.00%
2007,30,DeAngelo Williams (CAR),144,717,5,75,5,4,6,23,175,7.6,1,0,16,119.2,7.5,0.10%
2007,31,Adrian Peterson (CHI),151,510,3.4,21,2,3,0,51,420,8.2,0,0,16,115.4,7.2,0.00%
2007,32,Maurice Morris (SEA),140,628,4.5,46,3,4,10,23,213,9.3,1,1,13,112.1,8.6,0.00%
2007,33,Najeh Davenport (PIT),107,499,4.7,45,2,5,0,18,184,10.2,2,0,15,110.3,7.4,0.00%
2007,34,Shaun Alexander (SEA),207,716,3.5,25,5,4,1,14,76,5.4,1,0,13,109.2,8.4,0.00%
2007,35,Cedric Benson (CHI),196,674,3.4,43,3,4,0,17,123,7.2,0,0,11,103.7,9.4,0.00%
2007,36,Derrick Ward (NYG),125,602,4.8,44,4,3,0,26,179,6.9,1,0,8,102.1,12.8,0.00%
2007,37,Selvin Young (DEN),140,729,5.2,50,7,1,0,35,231,6.6,0,0,15,102,6.8,0.00%
2007,38,Travis Henry (DEN),167,691,4.1,33,3,4,0,7,65,9.3,0,0,11,99.6,9.1,0.00%
2007,39,Larry Johnson (KC),158,559,3.5,54,5,3,0,30,186,6.2,1,0,8,98.5,12.3,0.00%
2007,40,Aaron Stecker (NO),115,448,3.9,26,1,5,6,36,211,5.9,0,0,15,95.9,6.4,0.00%
2007,41,Jerious Norwood (ATL),103,613,6,67,6,1,5,28,277,9.9,0,0,15,95,6.3,0.00%
2007,42,Chris Brown (TEN),102,462,4.5,42,3,5,0,19,128,6.7,0,0,12,89,7.4,0.00%
2007,43,LaMont Jordan (OAK),144,549,3.8,33,4,3,0,28,247,8.8,0,0,11,87.1,7.9,0.00%
2007,44,Rudi Johnson (CIN),170,497,2.9,22,2,3,0,13,110,8.5,1,0,11,86.7,7.9,0.00%
2007,45,Kenton Keith (IND),121,533,4.4,22,2,3,0,13,77,5.9,1,0,16,85,5.3,0.00%
2007,46,Leon Washington (NYJ),71,353,5,49,1,3,3,36,213,5.9,0,1,16,76,4.8,0.00%
2007,47,Jesse Chatman (MIA),128,515,4,30,3,1,0,27,161,6,0,0,13,73.6,5.7,0.00%
2007,48,Kevin Faulk (NE),62,265,4.3,14,0,0,0,47,383,8.1,1,0,16,70.8,4.4,0.00%
2007,49,Reuben Droughns (NYG),85,275,3.2,45,2,6,0,7,49,7,0,0,16,68.4,4.3,0.00%
2007,50,Kolby Smith (KC),112,407,3.6,19,0,2,2,22,148,6.7,0,0,11,67.5,6.1,0.00%
2006,1,LaDainian Tomlinson (LAC),348,"1,815",5.2,85,12,28,0,56,508,9.1,3,0,16,427.1,26.7,0.00%
2006,2,Larry Johnson (KC),416,"1,789",4.3,47,10,17,0,41,410,10,2,0,16,333.9,20.9,0.00%
2006,3,Steven Jackson (LAR),346,"1,528",4.4,59,9,13,0,90,806,9,3,0,16,329.4,20.6,0.00%
2006,4,Frank Gore (SF),312,"1,695",5.4,72,15,8,0,61,485,8,1,0,16,272,17,8.40%
2006,5,Willie Parker (PIT),337,"1,494",4.4,76,12,13,0,31,222,7.2,3,0,16,267.6,16.7,0.00%
2006,6,Brian Westbrook (PHI),240,"1,217",5.1,71,8,7,0,77,699,9.1,4,0,15,257.6,17.2,0.00%
2006,7,Tiki Barber (NYG),327,"1,662",5.1,55,11,5,0,58,465,8,0,0,16,242.7,15.2,0.00%
2006,8,Maurice Jones-Drew (JAC),166,941,5.7,74,7,13,0,46,436,9.5,2,0,16,227.7,14.2,0.00%
2006,9,Rudi Johnson (CIN),341,"1,309",3.8,22,5,12,0,23,124,5.4,0,0,16,215.3,13.5,0.00%
2006,10,Deuce McAllister (NO),244,"1,057",4.3,57,6,10,0,30,198,6.6,0,0,15,191.5,12.8,0.00%
2006,11,Ladell Betts (WAS),245,"1,154",4.7,26,6,4,0,53,445,8.4,1,0,16,189.9,11.9,0.00%
2006,12,Joseph Addai (IND),226,"1,081",4.8,41,3,7,0,40,325,8.1,1,0,16,188.6,11.8,0.00%
2006,13,Chester Taylor (MIN),303,"1,216",4,95,6,6,0,42,288,6.9,0,0,15,186.4,12.4,0.00%
2006,14,Marion Barber (DAL),135,654,4.8,25,4,14,0,23,196,8.5,2,0,16,181,11.3,0.00%
2006,15,Ahman Green (GB),266,"1,059",4,70,3,5,0,46,373,8.1,1,0,14,179.2,12.8,0.00%
2006,16,Jamal Lewis (BAL),314,"1,132",3.6,52,3,9,0,18,115,6.4,0,0,16,178.7,11.2,0.00%
2006,17,Reggie Bush (NO),155,565,3.6,18,0,6,0,88,742,8.4,2,0,16,176.7,11,0.00%
2006,18,Fred Taylor (JAC),231,"1,146",5,76,6,5,0,23,242,10.5,1,0,15,174.8,11.7,0.00%
2006,19,Corey Dillon (NE),199,812,4.1,50,3,13,0,15,147,9.8,0,0,16,173.9,10.9,0.00%
2006,20,Edgerrin James (ARI),337,"1,159",3.4,18,0,6,0,38,217,5.7,0,0,16,173.6,10.9,0.00%
2006,21,Travis Henry (TEN),270,"1,211",4.5,70,9,7,0,18,78,4.3,0,0,14,172.9,12.4,0.00%
2006,22,Thomas Jones (CHI),296,"1,210",4.1,30,4,6,0,36,154,4.3,0,0,16,172.2,10.8,0.00%
2006,23,Kevin Jones (DET),181,689,3.8,52,5,6,0,61,520,8.5,2,0,12,168.9,14.1,0.00%
2006,24,Warrick Dunn (ATL),286,"1,140",4,90,7,4,0,22,170,7.7,1,0,16,161,10.1,0.00%
2006,25,Ronnie Brown (MIA),241,"1,008",4.2,47,6,5,0,33,276,8.4,0,0,13,158.4,12.2,0.00%
2006,26,Willis McGahee (BUF),259,990,3.8,57,4,6,0,18,156,8.7,0,0,14,150.6,10.8,0.00%
2006,27,Shaun Alexander (SEA),252,896,3.6,33,2,7,0,12,48,4,0,0,10,136.4,13.6,0.00%
2006,28,Laurence Maroney (NE),175,745,4.3,41,7,6,0,22,194,8.8,1,0,14,135.9,9.7,0.00%
2006,29,Mike Bell (DEN),157,677,4.3,48,3,8,0,20,158,7.9,0,0,14,131.5,9.4,0.00%
2006,30,Tatum Bell (DEN),233,"1,025",4.4,51,7,2,0,24,115,4.8,0,0,13,126,9.7,0.00%
2006,31,DeShaun Foster (CAR),227,897,4,43,3,3,0,32,159,5,0,0,14,123.6,8.8,0.00%
2006,32,Dominic Rhodes (IND),187,641,3.4,17,0,5,0,36,251,7,0,0,16,119.2,7.5,0.00%
2006,33,Reuben Droughns (CLE),220,758,3.4,22,1,4,0,27,169,6.3,0,0,14,116.7,8.3,0.00%
2006,34,Leon Washington (NYJ),151,650,4.3,23,2,4,0,25,270,10.8,0,0,16,116,7.3,0.00%
2006,35,Clinton Portis (WAS),127,523,4.1,38,3,7,0,17,170,10,0,0,8,111.3,13.9,0.00%
2006,36,Brandon Jacobs (NYG),96,423,4.4,16,0,9,0,11,149,13.5,0,0,15,111.2,7.4,0.00%
2006,37,Cedric Benson (CHI),157,647,4.1,30,2,6,0,8,54,6.8,0,0,15,106.1,7.1,0.00%
2006,38,Cadillac Williams (TB),225,798,3.5,38,4,1,0,30,196,6.5,0,0,14,105.4,7.5,0.00%
2006,39,Ron Dayne (HOU),151,612,4.1,19,0,5,0,14,77,5.5,0,0,10,100.9,10.1,0.00%
2006,40,Wali Lundy (HOU),124,476,3.8,35,4,4,0,33,204,6.2,0,0,13,94,7.2,0.00%
2006,41,DeAngelo Williams (CAR),121,501,4.1,31,5,1,0,33,313,9.5,1,0,13,93.4,7.2,0.10%
2006,42,Jerious Norwood (ATL),99,633,6.4,78,4,2,0,12,102,8.5,0,0,14,85.5,6.1,0.00%
2006,43,Justin Fargas (OAK),178,659,3.7,48,1,1,0,13,91,7,0,0,16,81,5.1,0.00%
2006,44,Correll Buckhalter (PHI),83,345,4.2,20,1,2,0,24,256,10.7,1,0,16,78.1,4.9,0.00%
2006,45,Kevan Barlow (NYJ),131,370,2.8,12,0,6,0,7,21,3,0,0,12,75.1,6.3,0.00%
2006,46,Cedric Houston (NYJ),113,374,3.3,31,2,5,0,7,43,6.1,0,0,8,71.7,9,0.00%
2006,47,Michael Pittman (TB),50,245,4.9,32,1,1,0,47,405,8.6,0,0,16,71,4.4,0.00%
2006,48,Mewelde Moore (MIN),24,131,5.5,15,0,0,0,46,468,10.2,1,0,16,70.5,4.4,0.00%
2006,49,Vernand Morency (GB),96,434,4.5,39,4,2,0,17,118,6.9,0,0,14,67.2,4.8,0.00%
2006,50,Michael Turner (LAC),80,502,6.3,73,7,2,0,3,47,15.7,0,0,13,66.9,5.1,0.00%
2005,1,Shaun Alexander (SEA),370,"1,880",5.1,88,14,27,7,15,78,5.2,1,0,16,363.8,22.7,0.00%
2005,2,Larry Johnson (KC),336,"1,750",5.2,49,15,20,0,33,343,10.4,1,0,16,335.3,21,0.00%
2005,3,LaDainian Tomlinson (LAC),339,"1,462",4.3,62,8,18,9,51,370,7.3,2,0,16,317.1,19.8,0.00%
2005,4,Tiki Barber (NYG),357,"1,860",5.2,95,16,9,15,54,530,9.8,2,0,16,307,19.2,0.00%
2005,5,Edgerrin James (IND),360,"1,506",4.2,33,5,13,0,44,337,7.7,1,0,15,268.3,17.9,0.00%
2005,6,Clinton Portis (WAS),352,"1,516",4.3,47,6,11,6,30,216,7.2,0,0,16,245.9,15.4,0.00%
2005,7,LaMont Jordan (OAK),272,"1,025",3.8,26,4,9,0,70,563,8,2,0,14,226.8,16.2,0.00%
2005,7,Rudi Johnson (CIN),337,"1,458",4.3,33,5,12,0,23,90,3.9,0,0,16,226.8,14.2,0.00%
2005,9,Thomas Jones (CHI),314,"1,335",4.3,42,12,9,5,26,143,5.5,0,1,15,199.8,13.3,0.00%
2005,10,Mike Anderson (DEN),239,"1,014",4.2,44,4,12,2,18,212,11.8,1,1,15,198.6,13.2,0.00%
2005,11,Steven Jackson (LAR),254,"1,046",4.1,51,6,8,2,43,320,7.4,2,0,15,196.6,13.1,0.00%
2005,12,Warrick Dunn (ATL),280,"1,416",5.1,65,11,3,1,29,220,7.6,1,0,16,187.6,11.7,0.00%
2005,13,Willis McGahee (BUF),325,"1,247",3.8,27,4,5,0,28,178,6.4,0,0,16,172.5,10.8,0.00%
2005,14,Reuben Droughns (CLE),309,"1,232",4,75,7,2,0,39,369,9.5,0,0,16,172.1,10.8,0.00%
2005,15,Willie Parker (PIT),255,"1,202",4.7,80,8,4,5,18,218,12.1,1,0,15,172,11.5,0.00%
2005,16,Corey Dillon (NE),209,733,3.5,29,2,12,0,22,181,8.2,1,0,11,169.4,15.4,0.00%
2005,17,Brian Westbrook (PHI),156,617,4,31,5,3,0,61,616,10.1,4,0,12,167.3,13.9,0.00%
2005,17,Domanick Williams (HOU),230,976,4.2,44,3,2,4,39,337,8.6,4,0,11,167.3,15.2,0.00%
2005,19,Cadillac Williams (TB),290,"1,178",4.1,71,7,6,3,20,81,4.1,0,0,14,161.9,11.6,0.00%
2005,20,Chris Brown (TEN),224,851,3.8,38,5,5,0,25,327,13.1,2,0,15,159.8,10.7,0.00%
2005,21,Tatum Bell (DEN),173,921,5.3,68,10,8,0,18,104,5.8,0,0,14,150.5,10.8,0.00%
2005,22,Ronnie Brown (MIA),207,907,4.4,65,5,4,0,32,232,7.3,1,0,15,143.9,9.6,0.00%
2005,23,DeShaun Foster (CAR),205,879,4.3,70,3,2,0,34,372,10.9,1,0,15,143.1,9.5,0.00%
2005,24,Jamal Lewis (BAL),269,906,3.4,25,3,3,0,32,191,6,1,1,15,131.7,8.8,0.00%
2005,25,Stephen Davis (CAR),180,549,3.1,39,2,12,0,5,45,9,0,0,13,131.4,10.1,0.00%
2005,26,Ricky Williams (MIA),168,743,4.4,35,4,6,0,17,93,5.5,0,0,12,119.6,10,0.00%
2005,27,Mewelde Moore (MIN),155,662,4.3,33,5,1,0,37,339,9.2,2,0,16,118.1,7.4,0.00%
2005,28,Curtis Martin (NYJ),220,735,3.3,49,4,5,3,24,118,4.9,0,0,12,115.3,9.6,0.00%
2005,29,Sam Gado (GB),143,582,4.1,64,3,6,1,10,77,7.7,1,0,8,107.9,13.5,0.00%
2005,30,Kevin Jones (DET),186,664,3.6,40,3,5,7,20,109,5.5,0,0,13,107.3,8.3,0.00%
2005,31,Priest Holmes (KC),119,451,3.8,35,3,6,0,21,197,9.4,1,0,7,106.8,15.3,0.00%
2005,32,Fred Taylor (JAC),194,787,4.1,71,1,3,1,13,83,6.4,0,0,11,105,9.5,0.00%
2005,33,Kevan Barlow (SF),176,581,3.3,29,4,3,0,31,241,7.8,0,0,12,100.2,8.4,0.00%
2005,34,Marion Barber (DAL),138,538,3.9,28,3,5,4,18,115,6.4,0,0,13,95.3,7.3,0.00%
2005,35,Jerome Bettis (PIT),110,368,3.3,39,1,9,0,4,40,10,0,0,12,94.8,7.9,0.00%
2005,36,T.J. Duckett (ATL),121,380,3.1,25,1,8,0,6,63,10.5,0,0,14,92.3,6.6,0.00%
2005,37,Frank Gore (SF),127,608,4.8,72,4,3,2,15,131,8.7,0,0,14,91.9,6.6,8.40%
2005,38,Michael Bennett (MIN),126,473,3.8,61,3,3,0,27,124,4.6,2,0,16,89.7,5.6,0.00%
2005,39,Antowain Smith (NO),166,659,4,42,4,3,0,12,46,3.8,0,0,16,88.5,5.5,0.00%
2005,40,Greg Jones (JAC),151,575,3.8,27,5,4,1,10,65,6.5,0,0,14,88,6.3,0.00%
2005,41,Michael Pittman (TB),70,436,6.2,64,5,1,4,36,300,8.3,1,0,15,85.6,5.7,0.00%
2005,42,Chester Taylor (BAL),117,487,4.2,52,2,0,7,41,292,7.1,1,0,15,83.9,5.6,0.00%
2005,43,Jonathan Wells (HOU),90,325,3.6,14,0,4,1,22,179,8.1,0,0,13,74.4,5.7,0.00%
2005,44,Mike Alstott (TB),34,80,2.4,9,0,6,3,25,222,8.9,1,0,15,74.2,4.9,0.00%
2005,45,Chris Perry (CIN),61,279,4.6,30,2,0,0,51,328,6.4,2,0,14,72.7,5.2,0.00%
2005,46,Artose Pinner (DET),106,349,3.3,19,0,3,4,21,181,8.6,0,0,14,71,5.1,0.00%
2005,47,Marcel Shipp (ARI),157,451,2.9,19,0,0,0,35,255,7.3,0,0,15,70.6,4.7,0.00%
2005,48,Marshall Faulk (LAR),65,292,4.5,20,1,0,1,44,291,6.6,1,0,15,66.3,4.4,0.00%
2005,49,Patrick Pass (NE),54,245,4.5,31,1,3,0,22,227,10.3,0,0,10,65.2,6.5,0.00%
2005,50,Shawn Bryson (DET),64,306,4.8,77,1,1,6,37,284,7.7,0,0,16,65,4.1,0.00%
2004,1,Shaun Alexander (SEA),353,"1,696",4.8,44,15,16,38,23,170,7.4,4,3,16,300.6,18.8,0.00%
2004,2,Tiki Barber (NYG),322,"1,518",4.7,72,11,13,79,52,578,11.1,2,2,16,295.6,18.5,0.00%
2004,3,LaDainian Tomlinson (LAC),339,"1,335",3.9,42,6,17,66,53,441,8.3,1,2,15,283.1,18.9,0.00%
2004,4,Curtis Martin (NYJ),371,"1,697",4.6,25,7,12,49,41,245,6,2,0,16,278.2,17.4,0.00%
2004,5,Edgerrin James (IND),334,"1,548",4.6,40,6,9,58,51,483,9.5,0,2,16,255.1,15.9,0.00%
2004,6,Domanick Williams (HOU),302,"1,188",3.9,44,5,13,84,68,588,8.6,1,4,15,253.6,16.9,0.00%
2004,7,Corey Dillon (NE),345,"1,635",4.7,44,8,12,21,15,103,6.9,1,4,15,245.8,16.4,0.00%
2004,8,Rudi Johnson (CIN),361,"1,454",4,52,7,12,28,15,84,5.6,0,4,16,217.8,13.6,0.00%
2004,9,Willis McGahee (BUF),284,"1,128",4,41,10,13,36,22,169,7.7,0,2,15,203.7,13.6,0.00%
2004,10,Brian Westbrook (PHI),177,812,4.6,50,7,3,87,73,703,9.6,6,1,13,203.5,15.7,0.00%
2004,11,Priest Holmes (KC),196,892,4.6,33,3,14,25,19,187,9.8,1,2,8,193.9,24.2,0.00%
2004,12,Clinton Portis (WAS),343,"1,315",3.8,64,5,5,57,40,235,5.9,2,4,15,193.6,12.9,0.00%
2004,13,Reuben Droughns (DEN),275,"1,240",4.5,51,8,6,44,32,241,7.5,2,3,16,190.1,11.9,0.00%
2004,14,Warrick Dunn (ATL),265,"1,106",4.2,60,5,9,39,29,294,10.1,0,2,16,190,11.9,0.00%
2004,15,Ahman Green (GB),259,"1,163",4.5,90,6,7,48,40,275,6.9,1,4,15,188.6,12.6,0.00%
2004,16,Jerome Bettis (PIT),250,941,3.8,29,3,13,8,6,46,7.7,0,0,14,181.1,12.9,0.00%
2004,17,Michael Pittman (TB),219,926,4.2,78,2,7,65,41,391,9.5,3,6,13,179.7,13.8,0.00%
2004,18,Thomas Jones (CHI),240,948,4,54,2,7,72,56,427,7.6,0,1,14,177.5,12.7,0.00%
2004,19,Deuce McAllister (NO),269,"1,074",4,71,5,9,48,34,228,6.7,0,4,14,176.2,12.6,0.00%
2004,20,Fred Taylor (JAC),260,"1,224",4.7,46,9,2,58,36,345,9.6,1,2,14,170.9,12.2,0.00%
2004,21,Kevin Jones (DET),241,"1,133",4.7,74,11,5,41,28,180,6.4,1,1,15,165.3,11,0.00%
2004,22,Nick Goings (CAR),217,821,3.8,57,3,6,59,45,394,8.8,1,1,16,161.5,10.1,0.00%
2004,23,Emmitt Smith (ARI),267,937,3.5,29,4,9,20,15,105,7,0,1,15,161,10.7,0.00%
2004,24,Jamal Lewis (BAL),235,"1,006",4.3,75,5,7,12,10,116,11.6,0,0,12,154.2,12.8,0.00%
2004,25,Larry Johnson (KC),120,581,4.8,46,4,9,29,22,278,12.6,2,0,8,151.9,19,0.00%
2004,26,Chris Brown (TEN),220,"1,067",4.9,52,5,6,29,20,147,7.4,0,4,11,149.4,13.6,0.00%
2004,27,Kevan Barlow (SF),244,822,3.4,60,5,7,45,35,212,6.1,0,2,15,141.4,9.4,0.00%
2004,28,Marshall Faulk (LAR),195,774,4,40,2,3,65,50,310,6.2,1,1,14,134.4,9.6,0.00%
2004,29,Derrick Blaylock (KC),118,539,4.6,24,3,8,36,25,246,9.8,1,0,12,132.5,11,0.00%
2004,30,Onterrio Smith (MIN),124,544,4.4,38,4,2,45,36,394,10.9,2,1,11,117.8,10.7,0.00%
2004,31,Steven Jackson (LAR),134,673,5,48,5,4,24,19,189,9.9,0,1,14,110.2,7.9,0.00%
2004,32,Lee Suggs (CLE),199,744,3.7,39,3,2,36,20,178,8.9,1,3,10,104.2,10.4,0.00%
2004,33,Sammy Morris (MIA),132,523,4,35,2,6,28,22,124,5.6,0,0,13,100.7,7.7,0.00%
2004,34,Chester Taylor (BAL),160,714,4.5,47,3,2,38,30,184,6.1,0,1,16,99.8,6.2,0.00%
2004,35,T.J. Duckett (ATL),104,509,4.9,35,6,8,3,3,15,5,0,2,12,96.4,8,0.00%
2004,36,Duce Staley (PIT),192,830,4.3,38,3,1,12,6,55,9.2,0,2,10,90.5,9.1,0.00%
2004,37,Antowain Smith (TEN),137,509,3.7,43,2,4,26,22,169,7.7,0,1,11,89.8,8.2,0.00%
2004,38,Amos Zereoue (OAK),112,425,3.8,55,1,3,48,39,284,7.3,0,1,15,86.9,5.8,0.00%
2004,39,William Green (CLE),163,585,3.6,46,4,2,22,14,84,6,0,2,14,74.9,5.4,0.00%
2004,40,Dorsey Levens (PHI),94,410,4.4,45,1,4,14,9,92,10.2,0,0,13,74.2,5.7,0.00%
2004,41,Eddie George (DAL),132,432,3.3,24,2,4,13,9,83,9.2,0,1,13,73.5,5.7,0.00%
2004,42,LaMont Jordan (NYJ),93,479,5.2,33,3,2,16,15,112,7.5,0,0,16,69.1,4.3,0.00%
2004,43,Jonathan Wells (HOU),82,299,3.6,14,0,3,16,11,79,7.2,2,1,15,67.8,4.5,0.00%
2004,44,Tony Fisher (GB),65,224,3.4,24,1,0,42,38,277,7.3,2,0,16,66.4,4.1,0.00%
2004,45,Kevin Faulk (NE),54,255,4.7,20,1,2,30,26,248,9.5,1,1,11,66.3,6,0.00%
2004,46,Tyrone Wheatley (OAK),85,327,3.8,60,2,4,15,15,78,5.2,0,0,8,64.5,8.1,0.00%
2004,47,Travis Minor (MIA),109,388,3.6,34,2,3,27,13,75,5.8,0,0,11,64.3,5.8,0.00%
2004,48,Anthony Thomas (CHI),122,404,3.3,41,2,2,23,17,132,7.8,0,1,12,63.6,5.3,0.00%
2004,48,Tatum Bell (DEN),75,396,5.3,29,2,3,7,5,80,16,0,1,10,63.6,6.4,0.00%
2004,50,Moe Williams (MIN),30,161,5.4,49,1,3,27,21,233,11.1,1,0,14,63.4,4.5,0.00%
2003,1,Priest Holmes (KC),320,"1,420",4.4,31,6,27,90,74,690,9.3,0,1,16,371,23.2,0.00%
2003,2,LaDainian Tomlinson (LAC),313,"1,645",5.3,73,12,13,137,100,725,7.3,4,0,16,343.8,21.5,0.00%
2003,3,Ahman Green (GB),355,"1,883",5.3,98,15,15,60,50,367,7.3,5,5,16,335,20.9,0.00%
2003,4,Jamal Lewis (BAL),387,"2,066",5.3,82,16,14,38,26,205,7.9,0,6,16,299.1,18.7,0.00%
2003,5,Clinton Portis (DEN),290,"1,591",5.5,65,13,14,51,38,314,8.3,0,1,13,274.5,21.1,0.00%
2003,6,Shaun Alexander (SEA),326,"1,435",4.4,55,9,14,59,42,295,7,2,3,16,263,16.4,0.00%
2003,7,Deuce McAllister (NO),351,"1,641",4.7,76,16,8,86,69,516,7.5,0,4,16,255.7,16,0.00%
2003,8,Fred Taylor (JAC),345,"1,572",4.6,62,10,6,74,48,370,7.7,1,4,16,228.2,14.3,0.00%
2003,9,Ricky Williams (MIA),392,"1,372",3.5,45,6,9,62,50,351,7,1,5,16,222.3,13.9,0.00%
2003,10,Edgerrin James (IND),310,"1,259",4.1,43,3,11,71,51,292,5.7,0,3,13,215.1,16.5,0.00%
2003,11,Travis Henry (BUF),331,"1,356",4.1,64,5,10,40,28,158,5.6,1,3,15,209.4,14,0.00%
2003,12,Stephen Davis (CAR),318,"1,444",4.5,40,11,8,17,14,159,11.4,0,3,14,202.3,14.4,0.00%
2003,13,Moe Williams (MIN),174,745,4.3,61,2,5,85,65,644,9.9,3,1,16,184.9,11.6,0.00%
2003,14,Domanick Williams (HOU),238,"1,031",4.3,51,5,8,68,47,351,7.5,0,3,14,180.2,12.9,0.00%
2003,15,Marshall Faulk (LAR),209,818,3.9,52,5,10,61,45,290,6.4,1,0,11,176.8,16.1,0.00%
2003,16,Tiki Barber (NYG),278,"1,216",4.4,27,4,2,98,69,461,6.7,1,6,16,175.7,11,0.00%
2003,17,Kevan Barlow (SF),201,"1,024",5.1,78,6,6,44,35,307,8.8,1,4,16,167.1,10.4,0.00%
2003,18,Curtis Martin (NYJ),323,"1,308",4,56,5,2,53,42,262,6.2,0,2,16,165,10.3,0.00%
2003,19,Rudi Johnson (CIN),215,957,4.5,54,5,9,23,21,146,7,0,0,13,164.3,12.6,0.00%
2003,20,Brian Westbrook (PHI),117,613,5.2,62,6,7,48,37,332,9,4,2,15,156.5,10.4,0.00%
2003,21,Eddie George (TEN),312,"1,031",3.3,27,2,5,31,22,163,7.4,0,0,16,149.4,9.3,0.00%
2003,22,T.J. Duckett (ATL),197,779,4,55,5,11,13,11,94,8.5,0,2,16,149.3,9.3,0.00%
2003,23,Michael Pittman (TB),187,751,4,17,0,0,120,75,597,8,2,1,16,144.8,9.1,0.00%
2003,24,Anthony Thomas (CHI),244,"1,024",4.2,67,7,6,14,9,36,4,0,0,13,142,10.9,0.00%
2003,25,Troy Hambrick (DAL),275,972,3.5,42,3,5,24,17,99,5.8,0,3,16,131.1,8.2,0.00%
2003,26,Warrick Dunn (ATL),125,672,5.4,69,7,3,52,37,336,9.1,2,1,11,128.8,11.7,0.00%
2003,27,Jerome Bettis (PIT),246,811,3.3,21,2,7,22,13,86,6.6,0,4,16,125.7,7.9,0.00%
2003,28,Duce Staley (PHI),96,463,4.8,22,1,5,47,36,382,10.6,2,2,16,122.5,7.7,0.00%
2003,29,Garrison Hearst (SF),178,768,4.3,36,3,3,38,25,211,8.4,1,2,12,117.9,9.8,0.00%
2003,29,Charlie Garner (OAK),120,553,4.6,33,4,3,70,48,386,8,1,0,14,117.9,8.4,0.00%
2003,31,Correll Buckhalter (PHI),126,542,4.3,64,4,8,14,10,133,13.3,1,2,15,117.5,7.8,0.00%
2003,32,Shawn Bryson (DET),158,606,3.8,39,4,3,72,54,340,6.3,0,0,16,112.6,7,0.00%
2003,33,Richie Anderson (DAL),70,306,4.4,19,0,1,87,69,493,7.1,4,0,15,109.9,7.3,0.00%
2003,34,Onterrio Smith (MIN),107,579,5.4,47,4,5,20,15,129,8.6,0,0,15,102.8,6.9,0.00%
2003,35,Kevin Faulk (NE),178,638,3.6,23,1,0,66,48,440,9.2,0,4,15,99.8,6.7,0.00%
2003,35,Tyrone Wheatley (OAK),159,678,4.3,41,4,4,18,12,120,10,0,2,15,99.8,6.7,0.00%
2003,37,Marcel Shipp (ARI),228,830,3.6,36,3,0,37,30,184,6.1,0,3,16,95.4,6,0.00%
2003,38,Thomas Jones (TB),137,627,4.6,61,2,3,31,24,180,7.5,0,2,15,94.7,6.3,0.00%
2003,39,Antowain Smith (NE),182,642,3.5,30,3,3,16,14,92,6.6,0,1,13,89.4,6.9,0.00%
2003,40,Amos Zereoue (PIT),132,433,3.3,22,1,2,51,40,310,7.8,0,0,16,86.3,5.4,0.00%
2003,41,Trung Canidate (WAS),142,600,4.2,38,3,1,15,10,71,7.1,1,0,11,79.1,7.2,0.00%
2003,42,Rock Cartwright (WAS),107,411,3.8,22,2,4,27,18,176,9.8,0,2,15,78.7,5.2,0.00%
2003,43,Corey Dillon (CIN),138,541,3.9,39,3,2,18,11,71,6.5,0,0,13,73.2,5.6,0.00%
2003,44,DeShaun Foster (CAR),113,429,3.8,21,1,0,35,26,207,8,2,3,14,69.6,5,0.00%
2003,45,Jamel White (CLE),70,266,3.8,23,2,1,69,46,303,6.6,1,1,16,66.9,4.2,0.00%
2003,46,William Green (CLE),142,559,3.9,26,2,1,14,10,50,5,0,2,7,62.9,9,0.00%
2003,47,Michael Bennett (MIN),90,447,5,28,3,1,14,12,132,11,0,1,8,61.9,7.7,0.00%
2003,48,James Jackson (CLE),102,382,3.7,18,0,3,18,14,114,8.1,0,3,11,61.6,5.6,0.00%
2003,49,Mike Anderson (DEN),70,257,3.7,44,2,3,15,12,53,4.4,2,0,12,61,5.1,0.00%
2003,50,Zack Crockett (OAK),48,145,3,44,1,7,12,7,53,7.6,0,1,15,59.8,4,0.00%
2002,1,Priest Holmes (KC),313,"1,615",5.2,56,9,21,81,70,672,9.6,3,1,14,370.7,26.5,0.00%
2002,2,Ricky Williams (MIA),383,"1,853",4.8,63,7,16,59,47,363,7.7,1,5,16,313.6,19.6,0.00%
2002,3,LaDainian Tomlinson (LAC),372,"1,683",4.5,76,12,14,101,79,489,6.2,1,1,16,305.2,19.1,0.00%
2002,4,Clinton Portis (DEN),273,"1,508",5.5,59,11,15,48,33,364,11,2,3,16,283.2,17.7,0.00%
2002,5,Shaun Alexander (SEA),295,"1,175",4,58,10,16,78,59,460,7.8,2,1,16,269.5,16.8,0.00%
2002,6,Deuce McAllister (NO),325,"1,388",4.3,62,10,13,74,47,352,7.5,3,3,15,264,17.6,0.00%
2002,7,Charlie Garner (OAK),182,962,5.3,36,8,7,111,91,941,10.3,4,0,16,256.3,16,0.00%
2002,8,Tiki Barber (NYG),304,"1,387",4.6,70,12,11,95,69,597,8.7,0,6,16,252.4,15.8,0.00%
2002,9,Travis Henry (BUF),325,"1,438",4.4,34,10,13,59,43,309,7.2,1,8,16,242.7,15.2,0.00%
2002,10,Eddie George (TEN),343,"1,165",3.4,35,1,12,46,36,255,7.1,2,1,16,226,14.1,0.00%
2002,11,Fred Taylor (JAC),287,"1,314",4.6,63,8,8,57,49,408,8.3,0,2,16,220.2,13.8,0.00%
2002,12,Ahman Green (GB),286,"1,240",4.3,43,7,7,74,57,393,6.9,2,3,14,211.3,15.1,0.00%
2002,13,Duce Staley (PHI),269,"1,029",3.8,57,4,5,69,51,541,10.6,3,0,16,207,12.9,0.00%
2002,14,Jamal Lewis (BAL),308,"1,327",4.3,75,10,6,60,47,442,9.4,1,7,16,204.9,12.8,0.00%
2002,15,Marshall Faulk (LAR),212,953,4.5,44,5,8,102,80,537,6.7,2,3,14,203,14.5,0.00%
2002,16,Corey Dillon (CIN),314,"1,311",4.2,67,5,7,61,43,298,6.9,0,2,16,198.9,12.4,0.00%
2002,17,Michael Bennett (MIN),255,"1,296",5.1,85,9,5,41,37,351,9.5,1,3,16,194.7,12.2,0.00%
2002,18,Curtis Martin (NYJ),261,"1,094",4.2,35,5,7,56,49,362,7.4,0,0,16,189.6,11.9,0.00%
2002,19,Garrison Hearst (SF),215,972,4.5,40,6,8,69,48,317,6.6,1,3,16,178.9,11.2,0.00%
2002,20,Warrick Dunn (ATL),230,927,4,59,6,7,65,50,377,7.5,2,3,15,178.4,11.9,0.00%
2002,21,James Stewart (DET),231,"1,021",4.4,56,9,4,70,46,333,7.2,2,0,14,171.4,12.2,0.00%
2002,22,Marcel Shipp (ARI),188,834,4.4,56,5,6,49,38,413,10.9,3,4,15,170.7,11.4,0.00%
2002,23,Antowain Smith (NE),252,982,3.9,42,3,6,42,31,243,7.8,2,1,16,170.5,10.7,0.00%
2002,24,Edgerrin James (IND),277,989,3.6,20,3,2,80,61,354,5.8,1,2,14,150.3,10.7,0.00%
2002,25,Stephen Davis (WAS),207,820,4,33,3,7,33,23,142,6.2,1,4,12,136.2,11.4,0.00%
2002,26,Emmitt Smith (DAL),254,975,3.8,30,5,5,24,16,89,5.6,0,1,16,134.4,8.4,0.00%
2002,27,Moe Williams (MIN),84,414,4.9,44,3,11,41,27,251,9.3,0,0,16,132.5,8.3,0.00%
2002,28,William Green (CLE),243,887,3.7,64,4,6,27,16,113,7.1,0,2,16,132,8.2,0.00%
2002,29,Amos Zereoue (PIT),193,762,3.9,42,4,4,53,42,341,8.1,0,2,16,130.3,8.1,0.00%
2002,30,Lamar Smith (CAR),209,737,3.5,59,3,7,26,20,167,8.4,0,2,11,128.4,11.7,0.00%
2002,31,Jerome Bettis (PIT),187,666,3.6,41,2,9,9,7,57,8.1,0,1,12,124.3,10.4,0.00%
2002,32,Michael Pittman (TB),204,718,3.5,21,1,1,86,59,477,8.1,0,2,16,121.5,7.6,0.00%
2002,33,Anthony Thomas (CHI),214,721,3.4,34,3,6,41,24,163,6.8,0,3,12,118.4,9.9,0.00%
2002,34,Mike Alstott (TB),146,548,3.8,32,5,5,48,35,242,6.9,2,2,16,117,7.3,0.00%
2002,35,Jamel White (CLE),106,470,4.4,54,2,3,86,63,452,7.2,0,0,14,110.2,7.9,0.00%
2002,36,Kevan Barlow (SF),145,675,4.7,35,4,4,21,14,136,9.7,1,1,14,109.1,7.8,0.00%
2002,37,Stacey Mack (JAC),98,436,4.4,23,6,9,13,11,79,7.2,0,0,16,105.5,6.6,0.00%
2002,38,Kevin Faulk (NE),52,271,5.2,45,2,2,53,37,379,10.2,3,1,15,93,6.2,0.00%
2002,39,Kenny Watson (WAS),116,534,4.6,24,2,1,43,32,253,7.9,1,0,16,90.7,5.7,0.00%
2002,40,James Allen (HOU),155,519,3.3,32,1,0,57,47,302,6.4,0,1,16,86.3,5.4,0.00%
2002,41,James Mungro (IND),97,336,3.5,49,3,8,16,13,81,6.2,0,2,9,85.7,9.5,0.00%
2002,42,T.J. Duckett (ATL),130,507,3.9,33,1,4,11,9,61,6.8,0,0,12,80.8,6.7,0.00%
2002,43,Mike Anderson (DEN),84,386,4.6,32,1,2,24,18,167,9.3,2,1,15,77.3,5.2,0.00%
2002,44,Jonathan Wells (HOU),197,529,2.7,37,2,3,12,9,48,5.3,0,1,16,73.7,4.6,0.00%
2002,45,Thomas Jones (ARI),138,511,3.7,58,2,2,30,20,113,5.7,0,2,9,70.4,7.8,0.00%
2002,46,Dee Brown (CAR),102,360,3.5,24,2,4,33,17,86,5.1,1,3,12,66.6,5.6,0.00%
2002,47,Ron Dayne (NYG),125,428,3.4,30,1,3,12,11,49,4.5,0,1,16,63.7,4,0.00%
2002,48,Dorsey Levens (PHI),75,411,5.5,47,3,1,28,19,124,6.5,1,1,16,63.5,4,0.00%
2002,49,Lamar Gordon (LAR),65,228,3.5,29,2,1,38,30,278,9.3,2,3,12,62.6,5.2,0.00%
2002,50,LaMont Jordan (NYJ),84,316,3.8,61,1,3,23,17,160,9.4,0,2,14,61.6,4.4,0.00%