Season,Rank,Player,TGT,TGT %,REC,YDS,Y/R,20+,TD,ATT,YDS,TD,FL,G,FPTS,FPTS/G,ROST
2025,1,Puka Nacua (LAR),166,28.6,129,"1,715",13.3,27,10,10,105,1,1,16,246,15.4,99.70%
2025,2,Jaxon Smith-Njigba (SEA),163,36,119,"1,793",15.1,27,10,7,36,0,1,17,240.9,14.2,99.70%
2025,3,Amon-Ra St. Brown (DET),172,31.4,117,"1,401",12,19,11,3,9,0,0,17,207,12.2,99.60%
2025,4,George Pickens (DAL),137,22.7,93,"1,429",15.4,22,9,0,0,0,0,17,198.9,11.7,99.30%
2025,5,Ja'Marr Chase (CIN),185,30.2,125,"1,412",11.3,15,8,3,14,0,1,16,188.6,11.8,99.70%
2025,6,Chris Olave (NO),156,27.7,100,"1,163",11.6,11,9,1,-3,0,0,16,169,10.6,98.10%
2025,7,Davante Adams (LAR),114,19.6,60,789,13.2,14,14,0,0,0,0,14,162.9,11.6,96.10%
2025,8,Zay Flowers (BAL),118,28.9,86,"1,211",14.1,19,5,10,62,1,3,17,157.3,9.3,98.00%
2025,9,Nico Collins (HOU),120,21.5,71,"1,117",15.7,18,6,2,15,1,1,15,155.2,10.3,99.40%
2025,10,Jameson Williams (DET),102,18.5,65,"1,117",17.2,23,7,6,12,0,0,17,154.9,9.1,93.10%
2025,11,Tee Higgins (CIN),98,16.1,59,846,14.3,14,11,0,0,0,0,15,152.6,10.2,96.90%
2025,12,Courtland Sutton (DEN),124,21.1,74,"1,017",13.7,17,7,0,0,0,0,17,145.7,8.6,86.80%
2025,13,Michael Wilson (ARI),126,20.1,78,"1,006",12.9,14,7,0,0,0,0,17,142.6,8.4,83.50%
2025,14,A.J. Brown (PHI),121,26,78,"1,003",12.9,14,7,0,0,0,0,15,142.3,9.5,99.30%
2025,15,Tetairoa McMillan (CAR),122,25.6,70,"1,014",14.5,17,7,0,0,0,1,17,141.4,8.3,97.70%
2025,16,Alec Pierce (IND),84,15.8,47,"1,003",21.3,17,6,0,0,0,0,15,136.3,9.1,83.80%
2025,17,Drake London (ATL),112,21.4,68,919,13.5,13,7,0,0,0,1,12,133.9,11.2,99.10%
2025,18,Emeka Egbuka (TB),127,23.7,63,938,14.9,20,6,2,9,0,0,17,132.7,7.8,97.20%
2025,19,Jaylen Waddle (MIA),100,21.8,64,910,14.2,14,6,2,28,0,0,16,130.1,8.1,95.90%
2025,20,DK Metcalf (PIT),99,19,59,850,14.4,15,6,2,12,1,0,15,128.2,8.5,89.10%
2025,21,Parker Washington (JAC),95,17.1,58,847,14.6,17,5,7,0,0,0,16,126.7,7.9,85.80%
2025,22,CeeDee Lamb (DAL),117,19.2,75,"1,077",14.4,16,3,1,2,0,0,14,125.9,9,99.40%
2025,22,Wan'Dale Robinson (NYG),140,28,92,"1,014",11,14,4,3,5,0,0,16,125.9,7.9,70.70%
2025,24,Stefon Diggs (NE),102,21.1,85,"1,013",11.9,17,4,0,0,0,0,17,125.3,7.4,74.50%
2025,25,DeVonta Smith (PHI),113,24.3,77,"1,008",13.1,14,4,0,0,0,0,17,124.8,7.3,98.20%
2025,26,Michael Pittman Jr. (IND),111,21,80,784,9.8,5,7,0,0,0,0,17,122.4,7.2,82.30%
2025,27,DJ Moore (CHI),85,15.8,50,682,13.6,12,6,15,79,1,1,17,120.2,7.1,93.40%
2025,27,Quentin Johnston (LAC),85,15.9,51,735,14.4,13,8,2,7,0,1,14,120.2,8.6,76.10%
2025,29,Jauan Jennings (SF),90,16.3,55,643,11.7,9,9,0,0,0,1,15,118.3,7.9,26.20%
2025,30,Justin Jefferson (MIN),141,30.4,84,"1,048",12.5,12,2,2,7,0,0,17,117.5,6.9,99.40%
2025,31,Deebo Samuel Sr. (WAS),99,23.2,72,727,10.1,10,5,17,75,1,0,16,116.2,7.3,58.90%
2025,32,Ladd McConkey (LAC),106,19.7,66,789,12,8,6,0,0,0,0,16,114.9,7.2,96.40%
2025,33,Troy Franklin (DEN),104,17.9,65,709,10.9,9,6,5,12,0,1,17,112.1,6.6,7.00%
2025,34,Romeo Doubs (GB),85,18.6,55,724,13.2,12,6,0,0,0,0,16,110.4,6.9,57.00%
2025,35,Tre Tucker (LV),92,18.4,57,696,12.2,9,5,11,51,0,0,17,104.7,6.2,19.50%
2025,36,Rome Odunze (CHI),90,16.9,44,661,15,13,6,0,0,0,0,12,102.1,8.5,92.10%
2025,37,Keenan Allen (LAC),122,22.6,81,777,9.6,6,4,0,0,0,0,17,101.7,6,18.00%
2025,38,Jakobi Meyers (JAC),110,20.9,75,835,11.1,10,3,5,13,0,1,16,100.8,6.3,73.20%
2025,39,Rashid Shaheed (SEA),92,17.4,59,687,11.6,6,2,9,69,0,1,18,97.6,5.4,42.80%
2025,40,Christian Watson (GB),55,12.1,35,611,17.5,11,6,1,3,0,0,10,97.4,9.7,88.80%
2025,41,Rashee Rice (KC),78,14.2,53,571,10.8,9,5,5,20,1,0,8,97.1,12.1,98.70%
2025,42,Khalil Shakir (BUF),95,19.7,72,719,10,8,4,1,5,0,1,16,94.4,5.9,59.00%
2025,43,Jordan Addison (MIN),79,16.9,42,610,14.5,11,3,2,81,1,0,14,93.1,6.6,78.90%
2025,44,Kayshon Boutte (NE),46,9.3,33,551,16.7,10,6,0,0,0,0,14,91.1,6.5,14.40%
2025,45,Brian Thomas Jr. (JAC),91,16.6,48,707,14.7,11,2,3,21,1,0,14,90.8,6.5,86.80%
2025,46,Hollywood Brown (KC),74,13.4,49,587,12,7,5,0,0,0,0,16,88.7,5.5,2.90%
2025,47,Jayden Higgins (HOU),68,12.2,41,525,12.8,5,6,0,0,0,0,17,88.5,5.2,34.40%
2025,48,Marvin Harrison Jr. (ARI),73,11.8,41,608,14.8,9,4,0,0,0,0,12,86.8,7.2,88.40%
2025,49,Luther Burden III (CHI),60,11.4,47,652,13.9,11,2,6,37,0,0,15,80.9,5.4,92.90%
2025,50,Josh Downs (IND),88,16.5,58,566,9.8,4,4,2,-2,0,1,16,78.4,4.9,78.10%
2024,1,Ja'Marr Chase (CIN),175,28.2,127,"1,708",13.4,19,17,3,32,0,0,17,276,16.2,99.70%
2024,2,Justin Jefferson (MIN),154,29.5,103,"1,533",14.9,28,10,1,3,0,0,17,214.5,12.6,99.40%
2024,3,Amon-Ra St. Brown (DET),141,27,115,"1,263",11,14,12,2,6,0,1,17,201.2,11.8,99.60%
2024,4,Brian Thomas Jr. (JAC),133,25.5,87,"1,282",14.7,18,10,6,48,0,0,17,197,11.6,86.80%
2024,5,Terry McLaurin (WAS),117,23.4,82,"1,096",13.4,12,13,2,2,0,1,17,185.8,10.9,93.90%
2024,6,Drake London (ATL),158,29.5,100,"1,271",12.7,12,9,1,-3,0,0,17,180.8,10.6,99.10%
2024,7,Mike Evans (TB),110,19.6,74,"1,004",13.6,15,11,0,0,0,0,14,166.4,11.9,90.50%
2024,8,Malik Nabers (NYG),170,30.4,109,"1,204",11,16,7,5,2,0,0,15,164.6,11,98.50%
2024,9,CeeDee Lamb (DAL),152,24.4,101,"1,194",11.8,16,6,14,70,0,1,15,162.4,10.8,99.40%
2024,10,Courtland Sutton (DEN),135,24.4,81,"1,081",13.3,17,8,0,0,0,1,17,159.3,9.4,86.80%
2024,11,Ladd McConkey (LAC),112,22.7,82,"1,149",14,15,7,0,0,0,0,16,158.9,9.9,96.40%
2024,12,Davante Adams (NYJ),141,23.8,85,"1,063",12.5,16,8,0,0,0,0,14,156.3,11.2,96.10%
2024,13,Jameson Williams (DET),91,17.4,58,"1,001",17.3,17,7,11,61,1,0,15,154.2,10.3,93.10%
2024,14,Jaxon Smith-Njigba (SEA),137,24.1,100,"1,130",11.3,14,6,5,26,0,0,17,153,9,99.70%
2024,15,Jerry Jeudy (CLE),145,22.8,90,"1,229",13.7,13,4,0,0,0,0,17,150.9,8.9,27.60%
2024,15,Garrett Wilson (NYJ),154,26.2,101,"1,104",10.9,16,7,2,5,0,2,17,150.9,8.9,96.70%
2024,17,A.J. Brown (PHI),97,23.3,67,"1,079",16.1,17,7,0,0,0,0,13,149.9,11.5,99.30%
2024,18,Jordan Addison (MIN),99,19.1,63,875,13.9,13,9,3,20,1,0,15,149.5,10,78.90%
2024,19,Tee Higgins (CIN),109,17.5,73,911,12.5,12,10,0,0,0,1,12,149.1,12.4,96.90%
2024,20,Nico Collins (HOU),99,18,68,"1,006",14.8,14,7,0,0,0,0,12,142.6,11.9,99.40%
2024,21,Jayden Reed (GB),75,16.1,55,857,15.6,15,6,20,163,1,1,17,142,8.4,75.40%
2024,22,DJ Moore (CHI),140,26.3,98,966,9.9,11,6,14,75,0,1,17,140.1,8.2,93.40%
2024,23,Tyreek Hill (MIA),123,21.8,81,959,11.8,13,6,8,53,0,0,17,137.2,8.1,16.00%
2024,24,Zay Flowers (BAL),116,25.3,74,"1,059",14.3,19,4,9,56,0,0,17,135.5,8,98.00%
2024,25,Calvin Ridley (TEN),120,24,64,"1,017",15.9,19,4,8,55,1,1,17,135.2,8,13.60%
2024,26,Marvin Harrison Jr. (ARI),116,21.9,62,885,14.3,14,8,0,0,0,1,17,134.5,7.9,88.40%
2024,27,Jauan Jennings (SF),113,22.1,77,975,12.7,12,6,0,0,0,0,15,133.5,8.9,26.20%
2024,28,DeVonta Smith (PHI),89,21.3,68,833,12.3,14,8,1,1,0,0,13,131.4,10.1,98.20%
2024,29,Jakobi Meyers (LV),129,21.7,87,"1,027",11.8,16,4,2,23,0,0,15,131,8.7,73.20%
2024,30,Rashod Bateman (BAL),72,16.1,45,756,16.8,11,9,0,0,0,0,17,129.6,7.6,7.10%
2024,31,Darnell Mooney (ATL),106,19.7,64,992,15.5,21,5,0,0,0,0,16,129.2,8.1,10.20%
2024,32,Xavier Worthy (KC),98,17.3,59,638,10.8,4,6,20,104,3,0,17,128.2,7.5,63.40%
2024,33,Puka Nacua (LAR),106,19.7,79,990,12.5,11,3,11,46,1,0,11,127.6,11.6,99.70%
2024,34,DK Metcalf (SEA),108,19,66,992,15,20,5,0,0,0,2,15,125.2,8.3,89.10%
2024,35,Alec Pierce (IND),69,13.8,37,824,22.3,13,7,0,0,0,0,16,124.4,7.8,83.80%
2024,36,Quentin Johnston (LAC),91,18.4,55,711,12.9,12,8,3,6,0,0,15,119.7,8,76.10%
2024,37,Keenan Allen (CHI),121,22.8,70,744,10.6,9,7,0,0,0,0,15,115.4,7.7,18.00%
2024,38,Josh Downs (IND),107,21.4,72,803,11.2,10,5,1,12,0,0,14,111.5,8,78.10%
2024,39,Cooper Kupp (LAR),100,18.6,67,710,10.6,10,6,2,10,0,0,12,108,9,13.70%
2024,40,Khalil Shakir (BUF),100,20,76,821,10.8,9,4,2,4,0,0,15,106.5,7.1,59.00%
2024,41,George Pickens (PIT),103,22.3,59,900,15.3,17,3,2,-6,0,1,14,105.4,7.5,99.30%
2024,42,Nick Westbrook-Ikhine (TEN),60,12,32,497,15.5,4,9,0,0,0,0,14,103.7,7.4,0.70%
2024,43,Jalen Tolbert (DAL),79,12.7,49,610,12.4,8,7,0,0,0,0,17,103,6.1,2.90%
2024,44,Deebo Samuel Sr. (SF),81,16.1,51,670,13.1,10,3,42,136,1,1,15,102.6,6.8,58.90%
2024,45,Jalen McMillan (TB),58,10.3,37,461,12.5,8,8,4,43,0,0,13,98.4,7.6,23.00%
2024,46,Michael Pittman Jr. (IND),111,22.2,69,808,11.7,12,3,0,0,0,1,16,96.8,6.1,82.30%
2024,47,Demarcus Robinson (LAR),64,12,31,505,16.3,9,7,0,0,0,0,17,92.5,5.4,0.80%
2024,48,Jaylen Waddle (MIA),83,14.9,58,744,12.8,12,2,4,12,0,0,16,91.6,5.7,95.90%
2024,49,Adam Thielen (CAR),62,12.2,48,615,12.8,9,5,0,0,0,0,10,91.5,9.2,3.50%
2024,50,DeAndre Hopkins (KC),80,14.7,56,610,10.9,6,5,0,0,0,0,16,91,5.7,0.60%
2023,1,CeeDee Lamb (DAL),181,30,135,"1,749",13,29,12,14,113,2,2,17,268.2,15.8,99.40%
2023,2,Tyreek Hill (MIA),171,31.1,119,"1,799",15.1,29,13,6,15,0,1,16,257.4,16.1,16.00%
2023,3,Amon-Ra St. Brown (DET),164,28.8,119,"1,515",12.7,24,10,4,24,0,1,16,211.9,13.2,99.60%
2023,4,Mike Evans (TB),136,24.7,79,"1,255",15.9,20,13,0,0,0,0,17,203.5,12,90.50%
2023,5,Puka Nacua (LAR),160,29,105,"1,486",14.2,25,6,12,89,0,0,17,193.5,11.4,99.70%
2023,6,DJ Moore (CHI),136,28.7,96,"1,364",14.2,25,8,4,21,1,1,17,190.5,11.2,93.40%
2023,7,Deebo Samuel Sr. (SF),89,18.6,60,892,14.9,15,7,37,225,5,0,15,183.7,12.2,58.90%
2023,8,A.J. Brown (PHI),158,30.2,106,"1,456",13.7,21,7,0,0,0,2,17,183.6,10.8,99.30%
2023,9,Nico Collins (HOU),109,19.3,80,"1,297",16.2,25,8,1,7,0,0,15,180.4,12,99.40%
2023,10,Brandon Aiyuk (SF),105,22.3,75,"1,342",17.9,28,7,0,0,0,1,16,174.2,10.9,12.50%
2023,11,Keenan Allen (LAC),150,24.6,108,"1,243",11.5,19,7,2,6,0,1,13,170.9,13.1,18.00%
2023,12,Stefon Diggs (BUF),160,29.4,107,"1,183",11.1,10,8,1,5,0,1,17,166.8,9.8,74.50%
2023,13,Ja'Marr Chase (CIN),145,24.5,100,"1,216",12.2,14,7,3,-6,0,0,16,162.7,10.2,99.70%
2023,14,Davante Adams (LV),175,32.9,103,"1,144",11.1,13,8,0,0,0,0,17,162.4,9.6,96.10%
2023,15,DK Metcalf (SEA),119,21.7,66,"1,114",16.9,19,8,0,0,0,0,16,159.4,10,89.10%
2023,16,Amari Cooper (CLE),128,21.1,72,"1,250",17.4,21,5,0,0,0,1,15,155,10.3,1.10%
2023,17,Calvin Ridley (JAC),136,22.3,76,"1,016",13.4,17,8,9,23,0,0,17,153.9,9.1,13.60%
2023,18,Jayden Reed (GB),94,16.7,64,793,12.4,13,8,11,119,2,0,16,153.2,9.6,75.40%
2023,19,Jordan Addison (MIN),108,18,70,911,13,15,10,1,2,0,0,17,151.3,8.9,78.90%
2023,20,DeAndre Hopkins (TEN),137,29,75,"1,057",14.1,15,7,2,9,0,0,17,148.6,8.7,0.60%
2023,21,Jakobi Meyers (LV),106,19.9,71,807,11.4,8,8,4,24,2,0,16,147.6,9.2,73.20%
2023,22,DeVonta Smith (PHI),112,21.6,81,"1,066",13.2,14,7,0,0,0,1,16,146.6,9.2,98.20%
2023,23,George Pickens (PIT),106,21.6,63,"1,140",18.1,22,5,3,18,0,0,17,145.8,8.6,99.30%
2023,24,Chris Olave (NO),138,23.9,87,"1,123",12.9,16,5,0,0,0,0,16,144.3,9,98.10%
2023,25,Michael Pittman Jr. (IND),156,28.6,109,"1,152",10.6,10,4,0,0,0,1,16,141.2,8.8,82.30%
2023,26,Justin Jefferson (MIN),100,16.6,68,"1,074",15.8,25,5,1,-12,0,1,10,134.2,13.4,99.40%
2023,27,Rashee Rice (KC),102,16.9,79,938,11.9,10,7,1,-3,0,1,16,133.5,8.3,98.70%
2023,28,Courtland Sutton (DEN),90,18.8,59,772,13.1,14,10,0,0,0,3,16,131.2,8.2,86.80%
2023,29,Terry McLaurin (WAS),132,21.9,79,"1,002",12.7,15,4,0,0,0,0,17,130.2,7.7,93.90%
2023,30,Zay Flowers (BAL),108,22.7,77,858,11.1,12,5,8,56,1,0,16,129.4,8.1,98.00%
2023,31,Adam Thielen (CAR),137,25.7,103,"1,014",9.8,9,4,1,6,0,0,17,128,7.5,3.50%
2023,32,Jaylen Waddle (MIA),104,19,72,"1,014",14.1,12,4,3,12,0,0,14,126.6,9,95.90%
2023,33,Chris Godwin Jr. (TB),130,23.8,83,"1,024",12.3,14,2,4,38,1,0,17,126.2,7.4,78.50%
2023,34,Tyler Lockett (SEA),122,22.2,79,894,11.3,9,5,0,0,0,0,17,123.4,7.3,0.60%
2023,35,Brandin Cooks (DAL),81,13.6,54,657,12.2,11,8,5,35,0,0,16,119.2,7.5,1.10%
2023,36,Garrett Wilson (NYJ),168,29.8,95,"1,042",11,11,3,4,0,0,2,17,118.2,7,96.70%
2023,37,Tank Dell (HOU),75,13.2,47,709,15.1,10,7,11,51,0,0,11,118,10.7,23.40%
2023,38,Gabe Davis (BUF),81,15,45,746,16.6,12,7,1,-2,0,1,17,116.4,6.8,1.00%
2023,39,Romeo Doubs (GB),96,17,59,674,11.4,7,8,0,0,0,0,17,115.4,6.8,57.00%
2023,40,Rashid Shaheed (NO),75,12.9,46,719,15.6,12,5,7,37,0,1,16,109.6,6.9,42.80%
2023,41,Cooper Kupp (LAR),95,17.2,59,737,12.5,10,5,1,-3,0,0,12,105.4,8.8,13.70%
2023,41,Drake London (ATL),110,22,69,905,13.1,17,2,0,0,0,0,16,105.4,6.6,99.10%
2023,43,Diontae Johnson (PIT),87,17.8,51,717,14.1,10,5,0,0,0,0,13,101.7,7.8,1.00%
2023,44,Darius Slayton (NYG),79,15.9,50,770,15.4,11,4,0,0,0,0,17,101,5.9,2.90%
2023,45,Tee Higgins (CIN),76,13,42,656,15.6,8,5,0,0,0,0,12,95.6,8,96.90%
2023,46,Curtis Samuel (WAS),91,15.2,62,613,9.9,7,4,7,39,1,0,16,95.2,6,2.00%
2023,47,Christian Kirk (JAC),85,14.1,57,787,13.8,13,3,1,6,0,2,12,93.3,7.8,6.70%
2023,48,Josh Downs (IND),98,17.7,68,771,11.3,10,2,0,0,0,0,17,89.1,5.2,78.10%
2023,49,Josh Reynolds (DET),64,11.3,40,608,15.2,17,5,0,0,0,1,16,88.8,5.6,2.10%
2023,50,Jerry Jeudy (DEN),87,18.2,54,758,14,10,2,0,0,0,0,16,87.8,5.5,27.60%
2022,1,Justin Jefferson (MIN),184,28.5,128,"1,809",14.1,28,8,4,24,1,0,17,240.6,14.2,99.40%
2022,2,Davante Adams (LV),180,32.2,100,"1,516",15.2,24,14,3,-1,0,0,17,235.5,13.9,96.10%
2022,3,Tyreek Hill (MIA),170,30.2,119,"1,710",14.4,25,7,7,32,1,0,17,228.2,13.4,16.00%
2022,4,A.J. Brown (PHI),145,29,88,"1,496",17,23,11,0,0,0,2,17,211.6,12.4,99.30%
2022,5,Stefon Diggs (BUF),156,28.1,110,"1,455",13.2,17,11,1,-3,0,0,17,211.2,12.4,74.50%
2022,6,CeeDee Lamb (DAL),156,28.7,107,"1,359",12.7,24,9,10,47,0,0,17,194.6,11.4,99.40%
2022,7,Jaylen Waddle (MIA),117,20.9,75,"1,356",18.1,21,8,3,26,0,1,17,184.2,10.8,95.90%
2022,8,Amari Cooper (CLE),132,26.4,78,"1,160",14.9,18,9,0,0,0,0,17,169,9.9,1.10%
2022,9,Amon-Ra St. Brown (DET),146,26.3,106,"1,161",11,11,6,9,95,0,0,16,161.6,10.1,99.60%
2022,10,DeVonta Smith (PHI),136,27.2,95,"1,196",12.6,18,7,0,0,0,1,17,159.6,9.4,98.20%
2022,11,Christian Kirk (JAC),133,23.1,84,"1,108",13.2,18,8,5,11,0,1,17,157.9,9.3,6.70%
2022,12,Ja'Marr Chase (CIN),134,22.4,87,"1,046",12,13,9,5,8,0,2,13,155.4,12,99.70%
2022,13,Tyler Lockett (SEA),117,21.1,84,"1,033",12.3,14,9,0,0,0,2,16,153.3,9.6,0.60%
2022,14,Terry McLaurin (WAS),120,22.5,77,"1,191",15.5,16,5,7,29,0,0,17,152,8.9,93.90%
2022,15,Brandon Aiyuk (SF),114,22.8,78,"1,015",13,17,8,2,23,0,1,17,149.8,8.8,12.50%
2022,16,Mike Evans (TB),127,17.6,77,"1,124",14.6,19,6,0,0,0,0,15,148.4,9.9,90.50%
2022,17,Tee Higgins (CIN),110,18.4,75,"1,042",13.9,14,7,0,0,0,0,15,148.2,9.9,96.90%
2022,18,Jerry Jeudy (DEN),100,18.6,67,972,14.5,14,6,4,40,0,0,15,137.2,9.1,27.60%
2022,19,DK Metcalf (SEA),141,25.4,90,"1,048",11.6,11,6,0,0,0,2,17,136.8,8,89.10%
2022,20,DJ Moore (CAR),118,27.5,63,888,14.1,17,7,10,53,0,0,17,136.1,8,93.40%
2022,21,Garrett Wilson (NYJ),147,25.2,83,"1,103",13.3,13,4,4,4,0,1,17,132.7,7.8,96.70%
2022,22,Cooper Kupp (LAR),98,19,75,812,10.8,11,6,9,52,1,1,9,126.4,14,13.70%
2022,23,Chris Olave (NO),119,23.8,72,"1,042",14.5,13,4,0,0,0,2,15,126.2,8.4,98.10%
2022,24,Gabe Davis (BUF),93,16.9,48,836,17.4,11,7,0,0,0,1,15,123.6,8.2,1.00%
2022,25,Christian Watson (GB),66,12.3,41,611,14.9,8,7,7,80,2,0,14,123.1,8.8,88.80%
2022,26,Chris Godwin Jr. (TB),142,19.6,104,"1,023",9.8,10,3,3,5,0,2,15,118.8,7.9,78.50%
2022,27,Michael Pittman Jr. (IND),141,24.5,99,925,9.3,8,4,3,30,0,1,16,117.5,7.3,82.30%
2022,28,Tyler Boyd (CIN),83,13.9,59,776,13.2,10,6,0,0,0,0,17,116.5,6.9,1.20%
2022,29,Zay Jones (JAC),121,21,82,823,10,7,5,4,18,0,0,16,116.1,7.3,1.00%
2022,30,Allen Lazard (GB),100,18.6,60,788,13.1,13,6,2,0,0,0,15,114.8,7.7,1.00%
2022,31,George Pickens (PIT),84,15.3,52,801,15.4,17,4,3,24,1,0,17,114.5,6.7,99.30%
2022,32,Mike Williams (LAC),93,13.7,63,895,14.2,11,4,0,0,0,0,13,113.5,8.7,1.20%
2022,33,Jakobi Meyers (NE),96,19,67,804,12,14,6,2,-11,0,2,14,113.3,8.1,73.20%
2022,34,Deebo Samuel Sr. (SF),94,18.8,56,632,11.3,7,2,42,232,3,2,13,112.4,8.6,58.90%
2022,35,Curtis Samuel (WAS),92,17.4,64,656,10.3,10,4,38,187,1,1,17,112.3,6.6,2.00%
2022,36,Adam Thielen (MIN),107,16.6,70,716,10.2,7,6,1,4,0,0,17,110,6.5,3.50%
2022,37,JuJu Smith-Schuster (KC),101,16.6,78,933,12,9,3,0,0,0,2,16,107.3,6.7,1.10%
2022,38,Drake London (ATL),117,29.7,72,866,12,10,4,0,0,0,3,17,106.6,6.3,99.10%
2022,39,Donovan Peoples-Jones (CLE),96,19.2,61,839,13.8,14,3,1,2,0,1,17,106.1,6.2,0.00%
2022,40,Keenan Allen (LAC),89,12.9,66,752,11.4,7,4,1,8,0,1,10,98,9.8,18.00%
2022,41,Joshua Palmer (LAC),107,15.7,72,769,10.7,7,3,1,4,0,0,16,97.3,6.1,0.70%
2022,42,Mack Hollins (LV),94,16.7,57,690,12.1,9,4,4,40,0,0,17,97.2,5.7,2.50%
2022,43,K.J. Osborn (MIN),90,14,60,650,10.8,6,5,3,6,0,0,17,95.6,5.6,2.60%
2022,43,Jahan Dotson (WAS),61,11.5,35,523,14.9,10,7,2,-7,0,0,12,95.6,8,2.50%
2022,45,Courtland Sutton (DEN),109,20.2,64,829,13,11,2,1,5,0,0,15,95.4,6.4,86.80%
2022,46,Diontae Johnson (PIT),147,26.8,86,882,10.3,7,0,7,25,0,0,17,94.7,5.6,1.00%
2022,47,Hollywood Brown (ARI),107,16.8,67,709,10.6,9,3,1,1,0,0,12,89,7.4,2.90%
2022,48,Brandin Cooks (HOU),93,17,57,699,12.3,13,3,2,7,0,0,13,88.6,6.8,1.10%
2022,49,DeAndre Hopkins (ARI),96,15.1,64,717,11.2,8,3,0,0,0,1,9,87.7,9.7,0.60%
2022,50,Parris Campbell (IND),91,15.7,63,623,9.9,7,3,5,58,0,0,17,86.1,5.1,0.10%
2021,1,Cooper Kupp (LAR),191,32.2,145,"1,947",13.4,30,16,4,18,0,0,17,294.5,17.3,13.70%
2021,2,Deebo Samuel Sr. (SF),121,24.2,77,"1,405",18.2,24,6,59,365,8,2,16,262,16.4,58.90%
2021,3,Ja'Marr Chase (CIN),128,23.8,81,"1,455",18,22,13,7,21,0,1,17,223.6,13.2,99.70%
2021,4,Justin Jefferson (MIN),167,28.9,108,"1,616",15,27,10,6,14,0,1,17,222.4,13.1,99.40%
2021,5,Davante Adams (GB),169,29.7,123,"1,553",12.6,19,11,0,0,0,0,16,221.3,13.8,96.10%
2021,6,Mike Evans (TB),114,15.9,74,"1,035",14,20,14,1,10,0,0,16,188.5,11.8,90.50%
2021,7,Tyreek Hill (KC),159,24.9,111,"1,239",11.2,13,9,9,96,0,1,17,185.5,10.9,16.00%
2021,8,Stefon Diggs (BUF),164,26.4,103,"1,225",11.9,12,10,0,0,0,0,17,182.5,10.7,74.50%
2021,9,Mike Williams (LAC),129,19.7,76,"1,146",15.1,17,9,0,0,0,0,16,170.6,10.7,1.20%
2021,10,DK Metcalf (SEA),129,27.4,75,967,12.9,11,12,1,6,0,0,17,169.3,10,89.10%
2021,11,Tyler Lockett (SEA),107,22.7,73,"1,175",16.1,22,8,2,9,0,0,16,168.4,10.5,0.60%
2021,12,Diontae Johnson (PIT),169,25.8,107,"1,161",10.9,14,8,5,53,0,2,16,167.4,10.5,1.00%
2021,13,Hunter Renfrow (LV),128,21.2,103,"1,038",10.1,10,9,3,3,0,1,17,156.1,9.2,1.50%
2021,14,CeeDee Lamb (DAL),120,18.8,79,"1,102",13.9,20,6,9,76,0,0,16,153.8,9.6,99.40%
2021,15,Keenan Allen (LAC),157,24,106,"1,138",10.7,12,6,0,0,0,0,16,151.8,9.5,18.00%
2021,16,Michael Pittman Jr. (IND),129,25.8,88,"1,082",12.3,12,6,5,44,0,0,17,150.6,8.9,82.30%
2021,17,Tee Higgins (CIN),110,20.5,74,"1,091",14.7,17,6,0,0,0,1,14,145.1,10.4,96.90%
2021,18,DJ Moore (CAR),163,28.2,93,"1,157",12.4,16,4,8,48,0,1,17,144.5,8.5,93.40%
2021,19,Chris Godwin Jr. (TB),127,17.7,98,"1,103",11.3,15,5,4,21,1,2,14,144.4,10.3,78.50%
2021,20,Brandin Cooks (HOU),134,25.6,90,"1,037",11.5,12,6,2,21,0,0,16,141.8,8.9,1.10%
2021,20,Jaylen Waddle (MIA),140,23.4,104,"1,015",9.8,8,6,2,3,1,1,16,141.8,8.9,95.90%
2021,22,Darnell Mooney (CHI),140,26.7,81,"1,055",13,14,4,6,32,1,0,17,138.7,8.2,10.20%
2021,23,Amon-Ra St. Brown (DET),119,21.5,90,912,10.1,11,5,7,61,1,0,16,137.3,8.6,99.60%
2021,24,Terry McLaurin (WAS),130,24.1,77,"1,053",13.7,15,5,1,12,0,0,17,136.5,8,93.90%
2021,25,Hollywood Brown (BAL),146,24.8,91,"1,008",11.1,15,6,1,5,0,1,16,135.3,8.5,2.90%
2021,26,Amari Cooper (DAL),104,16.3,68,865,12.7,15,8,0,0,0,0,15,134.5,9,1.10%
2021,27,Adam Thielen (MIN),95,16.4,67,726,10.8,14,10,1,2,0,0,13,132.8,10.2,3.50%
2021,28,Christian Kirk (ARI),103,18.3,77,982,12.8,16,5,1,11,0,0,17,130.6,7.7,6.70%
2021,29,Kendrick Bourne (NE),70,13.6,55,800,14.5,10,5,12,125,0,1,17,125.5,7.4,2.10%
2021,30,DeVonta Smith (PHI),104,22.4,64,916,14.3,16,5,0,0,0,1,17,121.6,7.2,98.20%
2021,31,Van Jefferson (LAR),89,14.9,50,802,16,12,6,2,20,0,0,17,118.2,7,0.80%
2021,32,A.J. Brown (TEN),105,20,63,869,13.8,10,5,2,10,0,0,13,117.9,9.1,99.30%
2021,33,Tyler Boyd (CIN),94,17.4,67,828,12.4,10,5,2,22,0,0,16,116.8,7.3,1.20%
2021,34,Brandon Aiyuk (SF),84,16.8,56,826,14.8,16,5,5,17,0,1,17,114.3,6.7,12.50%
2021,35,K.J. Osborn (MIN),82,14.1,50,655,13.1,10,7,1,10,0,0,17,108.5,6.4,2.60%
2021,36,Chase Claypool (PIT),105,16.3,59,860,14.6,13,2,14,96,0,0,15,107.6,7.2,1.10%
2021,37,Marvin Jones Jr. (JAC),120,20.5,73,832,11.4,13,4,0,0,0,0,17,107.2,6.3,0.00%
2021,38,Marquez Callaway (NO),84,17.6,46,698,15.2,9,6,0,0,0,0,17,105.8,6.2,0.00%
2021,39,DeAndre Hopkins (ARI),64,11.4,42,572,13.6,7,8,0,0,0,0,10,105.2,10.5,0.60%
2021,40,Tim Patrick (DEN),85,16.8,53,734,13.8,10,5,0,0,0,0,16,103.4,6.5,1.00%
2021,41,Jakobi Meyers (NE),126,23.9,83,866,10.4,12,2,1,9,0,1,16,103.3,6.5,73.20%
2021,42,A.J. Green (ARI),92,16.5,54,848,15.7,16,3,0,0,0,0,16,102.8,6.4,0.70%
2021,42,Cedrick Wilson Jr. (DAL),61,9.6,45,602,13.4,8,6,2,11,0,0,14,102.8,7.3,0.60%
2021,44,Allen Lazard (GB),60,10.8,40,513,12.8,8,8,3,32,0,0,14,102.5,7.3,1.00%
2021,45,Russell Gage Jr. (ATL),94,17,66,770,11.7,8,4,0,0,0,2,13,97,7.5,0.00%
2021,46,Elijah Moore (NYJ),77,13.2,43,538,12.5,9,5,5,54,1,0,11,95.2,8.7,0.60%
2021,47,Robert Woods (LAR),69,11.5,45,556,12.4,8,4,8,46,1,0,9,92.2,10.2,1.20%
2021,47,Courtland Sutton (DEN),98,19.3,58,776,13.4,9,2,0,0,0,0,17,92.2,5.4,86.80%
2021,49,Gabe Davis (BUF),63,10.2,35,549,15.7,13,6,0,0,0,0,15,90.9,6.1,1.00%
2021,50,Emmanuel Sanders (BUF),72,11.7,42,626,14.9,10,4,2,31,0,0,14,89.7,6.4,0.00%
2020,1,Davante Adams (GB),149,29.8,115,"1,374",11.9,18,18,0,0,0,1,14,243.4,17.4,96.10%
2020,2,Tyreek Hill (KC),135,22.2,87,"1,276",14.7,20,15,13,123,2,0,15,241.9,16.1,16.00%
2020,3,Stefon Diggs (BUF),166,29.3,127,"1,535",12.1,20,8,1,1,0,0,16,201.6,12.6,74.50%
2020,4,Calvin Ridley (ATL),143,23.9,90,"1,374",15.3,23,9,5,1,0,1,15,191.5,12.8,13.60%
2020,5,DK Metcalf (SEA),129,24,83,"1,303",15.7,17,10,0,0,0,1,16,188.3,11.8,89.10%
2020,6,Justin Jefferson (MIN),125,25.8,88,"1,400",15.9,23,7,1,2,0,0,16,186.2,11.6,99.40%
2020,7,Adam Thielen (MIN),108,22.1,74,925,12.5,11,14,3,15,0,0,15,180,12,3.50%
2020,8,Mike Evans (TB),109,18.2,70,"1,006",14.4,20,13,0,0,0,0,16,178.6,11.2,90.50%
2020,9,A.J. Brown (TEN),106,22.7,70,"1,075",15.4,13,11,0,0,0,1,14,177.5,12.7,99.30%
2020,10,DeAndre Hopkins (ARI),160,29.5,115,"1,407",12.2,17,6,1,1,0,2,16,172.8,10.8,0.60%
2020,11,Tyler Lockett (SEA),132,24.4,100,"1,054",10.5,10,10,0,0,0,0,16,165.4,10.3,0.60%
2020,12,Allen Robinson II (CHI),151,25.4,102,"1,250",12.3,22,6,1,-1,0,0,16,160.9,10.1,1.40%
2020,13,Robert Woods (LAR),129,22.9,90,936,10.4,11,6,24,155,2,1,16,155.1,9.7,1.20%
2020,14,Chase Claypool (PIT),109,16.7,62,873,14.1,14,9,10,16,2,1,16,152.9,9.6,1.10%
2020,15,Marvin Jones Jr. (DET),115,20.8,76,978,12.9,19,9,0,0,0,0,16,151.8,9.5,0.00%
2020,16,Brandin Cooks (HOU),119,22.7,81,"1,150",14.2,20,6,0,0,0,0,15,151,10.1,1.10%
2020,17,DJ Moore (CAR),118,22.5,66,"1,193",18.1,19,4,2,22,0,0,15,145.5,9.7,93.40%
2020,18,Keenan Allen (LAC),147,23.9,100,992,9.9,10,8,1,-1,0,2,14,145.1,10.4,18.00%
2020,19,Amari Cooper (DAL),130,21.3,92,"1,114",12.1,13,5,6,14,0,0,16,144.8,9.1,1.10%
2020,20,CeeDee Lamb (DAL),111,17.9,74,935,12.6,18,5,10,82,1,1,16,143.7,9,99.40%
2020,21,Nelson Agholor (LV),82,15.9,48,896,18.7,15,8,0,0,0,0,16,137.6,8.6,1.00%
2020,22,JuJu Smith-Schuster (PIT),128,19.6,97,831,8.6,13,9,0,0,0,1,16,137.1,8.6,1.10%
2020,23,Terry McLaurin (WAS),134,23.2,87,"1,118",12.9,17,4,2,30,0,1,15,136.8,9.1,93.90%
2020,24,William Fuller V (HOU),75,14.2,53,879,16.6,14,8,1,0,0,0,11,135.9,12.4,0.00%
2020,25,Curtis Samuel (CAR),97,18.7,77,851,11.1,12,3,41,200,2,0,15,135.1,9,2.00%
2020,26,Diontae Johnson (PIT),144,22.1,88,923,10.5,10,7,3,15,0,1,15,133.8,8.9,1.00%
2020,27,Robbie Chosen (CAR),136,25.9,95,"1,096",11.5,16,3,4,15,0,1,16,129.1,8.1,0.00%
2020,28,Tee Higgins (CIN),108,19.2,67,908,13.6,14,6,5,28,0,1,16,127.6,8,96.90%
2020,29,Corey Davis (TEN),92,19.6,65,984,15.1,14,5,0,0,0,1,14,126.4,9,0.00%
2020,30,Chris Godwin Jr. (TB),84,14.1,65,840,12.9,13,7,0,0,0,0,12,126,10.5,78.50%
2020,31,Cole Beasley (BUF),107,18.9,82,967,11.8,15,4,0,0,0,0,15,125.5,8.4,0.00%
2020,32,Hollywood Brown (BAL),100,25.3,58,769,13.3,13,8,1,1,0,0,16,125,7.8,2.90%
2020,33,Brandon Aiyuk (SF),96,17.2,60,748,12.5,10,5,6,77,2,0,12,124.5,10.4,12.50%
2020,34,Cooper Kupp (LAR),124,22.1,92,974,10.6,12,3,4,33,0,1,15,116.7,7.8,13.70%
2020,35,Jarvis Landry (CLE),101,21.8,72,840,11.7,11,3,4,10,1,0,15,116,7.7,7.10%
2020,36,Michael Gallup (DAL),105,17.2,59,843,14.3,11,5,0,0,0,0,16,114.3,7.1,1.10%
2020,37,Tyler Boyd (CIN),110,19.4,79,841,10.6,7,4,5,49,0,0,15,113.6,7.6,1.20%
2020,38,Jamison Crowder (NYJ),89,19.3,59,699,11.8,9,6,1,14,0,0,12,113,9.4,1.00%
2020,39,Tim Patrick (DEN),79,15,51,742,14.5,14,6,0,0,0,0,15,110.2,7.3,1.00%
2020,40,Russell Gage Jr. (ATL),109,18.2,72,786,10.9,6,4,2,9,0,0,16,109.1,6.8,0.00%
2020,41,T.Y. Hilton (IND),93,17.3,56,762,13.6,11,5,0,0,0,0,15,108.2,7.2,1.60%
2020,42,Mike Williams (LAC),85,13.8,48,756,15.8,13,5,1,1,0,0,15,105.7,7,1.20%
2020,43,Jerry Jeudy (DEN),113,21.3,52,856,16.5,14,3,0,0,0,0,16,105.6,6.6,27.60%
2020,44,Marquez Valdes-Scantling (GB),63,12.6,33,690,20.9,10,6,4,13,0,1,16,104.3,6.5,0.70%
2020,45,Emmanuel Sanders (NO),82,16.4,61,726,11.9,7,5,1,12,0,0,14,103.8,7.4,0.00%
2020,46,DeVante Parker (MIA),103,19,63,793,12.6,10,4,0,0,0,0,14,103.3,7.4,0.00%
2020,47,Gabe Davis (BUF),62,11.1,35,599,17.1,10,7,1,0,0,0,16,101.9,6.4,1.00%
2020,48,DJ Chark Jr. (JAC),93,16,53,706,13.3,10,5,0,0,0,0,13,100.6,7.7,1.30%
2020,49,Keelan Cole Sr. (JAC),88,15,55,642,11.7,8,5,1,2,0,0,16,100.4,6.3,0.00%
2020,50,Laviska Shenault Jr. (JAC),79,13.5,58,600,10.3,10,5,18,91,0,0,14,99.1,7.1,0.00%
2019,1,Michael Thomas (NO),185,33,149,"1,725",11.6,17,9,1,-9,0,0,16,225.6,14.1,0.70%
2019,2,Chris Godwin Jr. (TB),121,20,86,"1,333",15.5,25,9,1,8,0,0,14,190.1,13.6,78.50%
2019,3,Kenny Golladay (DET),116,21.1,65,"1,190",18.3,22,11,0,0,0,1,16,183,11.4,4.00%
2019,4,Cooper Kupp (LAR),134,22.1,94,"1,161",12.4,21,10,2,4,0,0,16,176.5,11,13.70%
2019,5,Julio Jones (ATL),157,24.1,99,"1,394",14.1,21,6,2,-3,0,0,15,175.1,11.7,0.70%
2019,6,DeVante Parker (MIA),128,21.5,72,"1,202",16.7,21,9,0,0,0,0,16,174.2,10.9,0.00%
2019,7,Amari Cooper (DAL),119,20.6,79,"1,189",15.1,17,8,1,6,0,0,16,167.5,10.5,1.10%
2019,8,Mike Evans (TB),118,19.4,67,"1,157",17.3,17,8,0,0,0,0,13,165.7,12.7,90.50%
2019,9,DeAndre Hopkins (HOU),150,28.6,104,"1,165",11.2,16,7,2,18,0,0,15,165.5,11,0.60%
2019,10,A.J. Brown (TEN),84,19.9,52,"1,051",20.2,15,8,3,60,1,0,16,165.1,10.3,99.30%
2019,11,Keenan Allen (LAC),149,25.6,104,"1,199",11.5,15,6,3,16,0,0,16,157.5,9.8,18.00%
2019,12,Allen Robinson II (CHI),154,27.1,98,"1,147",11.7,15,7,1,2,0,0,16,156.9,9.8,1.40%
2019,13,Julian Edelman (NE),153,26.1,100,"1,117",11.2,13,6,8,27,0,1,16,156.3,9.8,8.40%
2019,14,Jarvis Landry (CLE),138,26.8,83,"1,174",14.1,20,6,1,10,0,0,16,154.4,9.7,7.10%
2019,15,Tyler Lockett (SEA),110,22.2,82,"1,057",12.9,15,8,4,-5,0,0,16,153.2,9.6,0.60%
2019,16,DJ Chark Jr. (JAC),118,21,73,"1,008",13.8,17,8,2,20,0,0,15,152.8,10.2,1.30%
2019,17,Courtland Sutton (DEN),124,26.2,72,"1,112",15.4,18,6,3,17,0,0,16,150.4,9.4,86.80%
2019,18,Stefon Diggs (MIN),94,21.3,63,"1,130",17.9,20,6,5,61,0,3,15,149.1,9.9,74.50%
2019,19,John Brown (BUF),115,23.8,72,"1,060",14.7,17,6,2,7,0,0,15,147.8,9.9,0.00%
2019,20,Michael Gallup (DAL),113,19.4,66,"1,107",16.8,18,6,0,0,0,0,14,146.7,10.5,1.10%
2019,21,DJ Moore (CAR),135,22.4,87,"1,175",13.5,13,4,6,40,0,1,15,143.5,9.6,93.40%
2019,22,Robert Woods (LAR),139,22.9,90,"1,134",12.6,14,2,17,115,1,0,15,142.9,9.5,1.20%
2019,23,Calvin Ridley (ATL),93,14.2,63,866,13.7,12,7,2,34,0,0,13,134,10.3,13.60%
2019,24,Terry McLaurin (WAS),93,20,58,919,15.8,15,7,0,0,0,0,14,133.9,9.6,93.90%
2019,25,Tyler Boyd (CIN),148,25.2,90,"1,046",11.6,12,5,4,23,0,2,16,132.9,8.3,1.20%
2019,26,Deebo Samuel Sr. (SF),81,17.3,57,802,14.1,17,3,14,159,3,1,15,132.1,8.8,58.90%
2019,27,Marvin Jones Jr. (DET),91,16.5,62,779,12.6,12,9,2,0,0,0,13,131.9,10.1,0.00%
2019,28,Tyreek Hill (KC),89,16,58,860,14.8,11,7,8,23,0,0,12,130.3,10.9,16.00%
2019,29,Davante Adams (GB),127,23.4,83,997,12,12,5,0,0,0,1,12,129.7,10.8,96.10%
2019,30,DK Metcalf (SEA),100,20,58,900,15.5,13,7,2,11,0,3,16,129.1,8.1,89.10%
2019,31,Odell Beckham Jr. (CLE),133,25.9,74,"1,035",14,16,4,3,10,0,1,16,127.3,8,3.90%
2019,32,Emmanuel Sanders (SF),97,20.6,66,869,13.2,11,5,0,0,0,0,17,124.3,7.3,0.00%
2019,33,Darius Slayton (NYG),84,14,48,740,15.4,12,8,0,0,0,0,14,122,8.7,2.90%
2019,34,Jamison Crowder (NYJ),122,24.5,78,833,10.7,11,6,1,4,0,0,16,119.7,7.5,1.00%
2019,35,Cole Beasley (BUF),106,21.7,67,778,11.6,10,6,0,0,0,0,15,117.8,7.9,0.00%
2019,36,Curtis Samuel (CAR),105,17.7,54,627,11.6,8,6,19,130,1,0,16,117.7,7.4,2.00%
2019,37,Mike Williams (LAC),90,15.5,49,"1,001",20.4,17,2,1,2,0,0,15,112.3,7.5,1.20%
2019,38,Robbie Chosen (NYJ),96,19.2,52,779,15,13,5,1,4,0,0,16,110.3,6.9,0.00%
2019,39,Chris Conley (JAC),90,15.7,47,775,16.5,13,5,0,0,0,0,16,109.5,6.8,0.00%
2019,40,Diontae Johnson (PIT),92,18.5,59,680,11.5,7,5,4,41,0,2,16,104.1,6.5,1.00%
2019,41,Golden Tate (NYG),85,14.5,49,676,13.8,10,6,1,16,0,1,11,103.2,9.4,1.00%
2019,42,Larry Fitzgerald (ARI),109,20.5,75,804,10.7,10,4,0,0,0,1,16,102.4,6.4,0.80%
2019,43,Breshad Perriman (TB),69,11.5,36,645,17.9,15,6,2,16,0,0,14,102.1,7.3,0.00%
2019,44,Tyrell Williams (OAK),64,12.8,42,651,15.5,12,6,0,0,0,0,14,101.1,7.2,0.00%
2019,45,Hollywood Brown (BAL),71,16.8,46,584,12.7,8,7,0,0,0,0,14,100.4,7.2,2.90%
2019,46,Christian Kirk (ARI),108,20.3,68,709,10.4,6,3,10,93,0,0,13,100.2,7.7,6.70%
2019,47,Randall Cobb (DAL),83,14.2,55,828,15.1,15,3,3,11,0,1,15,99.9,6.7,1.70%
2019,48,Zach Pascal (IND),72,14.5,41,607,14.8,11,5,2,16,0,0,16,94.3,5.9,0.00%
2019,49,Mecole Hardman Jr. (KC),41,7.5,26,538,20.7,9,6,4,17,0,2,16,93.5,5.8,0.60%
2019,50,Dede Westbrook (JAC),101,18,66,660,10,10,3,5,27,0,0,15,90.7,6,0.00%
2019,51,James Washington (PIT),80,16.1,44,735,16.7,13,3,0,0,0,1,15,89.5,6,0.00%
2019,52,Sammy Watkins (KC),90,16,52,673,12.9,9,3,2,12,0,1,14,86.5,6.2,0.00%
2019,53,William Fuller V (HOU),71,13.9,49,670,13.7,10,3,0,0,0,0,11,85,7.7,0.00%
2019,54,Sterling Shepard (NYG),83,14,57,576,10.1,8,3,6,72,0,0,10,84.8,8.5,1.80%
2019,55,Hunter Renfrow (OAK),71,14.2,49,605,12.3,7,4,0,0,0,0,13,84.5,6.5,1.50%
2019,56,Adam Thielen (MIN),48,10.9,30,418,13.9,8,6,4,6,1,0,10,84.4,8.4,3.50%
2019,57,T.Y. Hilton (IND),68,13.8,45,501,11.1,6,5,0,0,0,0,10,80.1,8,1.60%
2019,57,Kenny Stills (HOU),55,10.9,40,561,14,9,4,0,0,0,0,13,80.1,6.2,0.00%
2019,59,Alshon Jeffery (PHI),73,12,43,490,11.4,6,4,1,2,1,0,10,79.2,7.9,0.00%
2019,60,Danny Amendola (DET),97,17.7,62,678,10.9,6,1,0,0,0,0,15,78.6,5.2,0.00%
2018,1,Tyreek Hill (KC),137,24.3,87,"1,479",17,27,12,22,151,1,0,16,241,15.1,16.00%
2018,2,Antonio Brown (PIT),168,24.7,104,"1,297",12.5,17,15,0,0,0,0,15,219.7,14.6,0.90%
2018,3,Davante Adams (GB),169,27.6,111,"1,386",12.5,18,13,0,0,0,0,15,218.6,14.6,96.10%
2018,4,DeAndre Hopkins (HOU),163,32.7,115,"1,572",13.7,23,11,1,-7,0,2,16,218.5,13.7,0.60%
2018,5,Julio Jones (ATL),170,28.2,113,"1,677",14.8,24,8,2,12,0,2,16,212.9,13.3,0.70%
2018,6,Mike Evans (TB),138,22.4,86,"1,524",17.7,26,8,0,0,0,1,16,204.4,12.8,90.50%
2018,7,Adam Thielen (MIN),153,25.8,113,"1,373",12.2,17,9,5,30,0,1,16,194.3,12.1,3.50%
2018,8,Michael Thomas (NO),147,28.9,125,"1,405",11.2,17,9,0,0,0,2,16,190.5,11.9,0.70%
2018,9,JuJu Smith-Schuster (PIT),166,24.5,111,"1,426",12.8,18,7,1,13,0,1,16,185.9,11.6,1.10%
2018,10,Robert Woods (LAR),130,24.1,86,"1,219",14.2,20,6,19,157,1,0,16,179.6,11.2,1.20%
2018,11,Tyler Lockett (SEA),70,17.7,57,965,16.9,17,10,13,69,0,0,16,165.4,10.3,0.60%
2018,12,Stefon Diggs (MIN),149,25.2,102,"1,021",10,13,9,10,62,0,0,15,164.3,11,74.50%
2018,13,Brandin Cooks (LAR),117,21.8,80,"1,204",15.1,22,5,10,68,1,0,16,163.2,10.2,1.10%
2018,14,Keenan Allen (LAC),136,27.2,97,"1,196",12.3,13,6,9,75,0,1,16,163.1,10.2,18.00%
2018,15,T.Y. Hilton (IND),120,18.9,76,"1,270",16.7,22,6,0,0,0,0,14,163,11.6,1.60%
2018,16,Odell Beckham Jr. (NYG),124,21.5,77,"1,052",13.7,17,6,5,19,0,1,12,153.4,12.8,3.90%
2018,17,Tyler Boyd (CIN),108,20.3,76,"1,028",13.5,21,7,2,3,0,0,14,145.1,10.4,1.20%
2018,18,Calvin Ridley (ATL),92,15.2,64,821,12.8,11,10,6,27,0,1,16,142.8,8.9,13.60%
2018,19,Amari Cooper (DAL),107,20.7,75,"1,005",13.4,10,7,2,20,0,2,15,140.5,9.4,1.10%
2018,20,Mike Williams (LAC),66,13.2,43,664,15.4,11,10,7,28,1,0,16,137.2,8.6,1.20%
2018,21,Kenny Golladay (DET),119,21.3,70,"1,063",15.2,19,5,1,8,0,0,15,137.1,9.1,4.00%
2018,22,Jarvis Landry (CLE),149,26.8,81,976,12,13,4,3,60,1,1,16,136.1,8.5,7.10%
2018,23,Julian Edelman (NE),108,19.5,74,850,11.5,12,6,9,107,0,0,12,133.4,11.1,8.40%
2018,24,Emmanuel Sanders (DEN),98,17.4,71,868,12.2,13,4,4,53,1,0,12,127.2,10.6,0.00%
2018,25,Chris Godwin Jr. (TB),95,15.4,59,842,14.3,10,7,0,0,0,1,16,126.2,7.9,78.50%
2018,26,Alshon Jeffery (PHI),92,15.4,65,843,13,9,6,0,0,0,0,13,120.3,9.3,0.00%
2018,27,Corey Davis (TEN),112,26.5,65,891,13.7,15,4,6,55,0,0,16,118.6,7.4,0.00%
2018,28,Larry Fitzgerald (ARI),112,23.6,69,734,10.6,8,6,0,0,0,0,16,116.7,7.3,0.80%
2018,29,Sterling Shepard (NYG),107,18.4,66,872,13.2,12,4,3,33,0,0,16,116.5,7.3,1.80%
2018,30,Mohamed Sanu Sr. (ATL),94,15.6,66,838,12.7,7,4,7,44,0,1,16,116.4,7.3,0.00%
2018,31,Adam Humphries (TB),105,17,76,816,10.7,7,5,2,11,0,0,16,112.7,7,0.00%
2018,32,DeSean Jackson (TB),74,11.8,41,774,18.9,13,4,6,29,1,0,12,110.3,9.2,0.60%
2018,33,Zay Jones (BUF),102,21.6,56,652,11.6,7,7,1,0,0,0,16,109.2,6.8,1.00%
2018,34,Golden Tate (PHI),113,19.9,74,795,10.7,9,4,4,34,0,0,15,108.9,7.3,1.00%
2018,35,Dede Westbrook (JAC),101,19.5,66,717,10.9,15,5,9,98,0,2,16,107.5,6.7,0.00%
2018,36,Robbie Chosen (NYJ),94,18.8,50,752,15,10,6,2,-8,0,2,14,106.4,7.6,0.00%
2018,37,A.J. Green (CIN),77,14.6,46,694,15.1,12,6,0,0,0,1,9,103.4,11.5,0.70%
2018,38,DJ Moore (CAR),82,15.3,55,788,14.3,9,2,13,172,0,3,16,102,6.4,93.40%
2018,39,John Brown (BAL),97,18.1,42,715,17,11,5,3,4,0,0,16,101.9,6.4,0.00%
2018,40,Nelson Agholor (PHI),97,16.3,64,736,11.5,10,4,3,32,0,0,16,101.4,6.3,1.00%
2018,41,Allen Robinson II (CHI),94,18.8,55,754,13.7,11,4,1,9,0,1,13,98.3,7.6,1.40%
2018,42,Curtis Samuel (CAR),65,11.9,39,494,12.7,6,5,8,84,2,1,13,97.8,7.5,2.00%
2018,43,Demaryius Thomas (HOU),89,16.6,59,677,11.5,9,5,0,0,0,0,15,97.7,6.5,0.10%
2018,43,Josh Gordon (NE),71,12.8,41,737,18,12,4,0,0,0,0,12,97.7,8.1,0.10%
2018,45,Kenny Stills (MIA),64,15,37,553,14.9,7,6,0,0,0,0,15,97.4,6.5,0.00%
2018,46,Tyrell Williams (LAC),65,13,41,653,15.9,11,5,2,15,0,0,16,96.8,6.1,0.00%
2018,47,Cooper Kupp (LAR),55,10.2,40,566,14.2,9,6,4,25,0,0,8,95.1,11.9,13.70%
2018,48,Courtland Sutton (DEN),84,15,42,704,16.8,16,4,1,-1,0,0,16,94.3,5.9,86.80%
2018,49,Jordy Nelson (OAK),88,16.9,63,739,11.7,7,3,1,-2,0,0,15,93.7,6.2,0.10%
2018,50,Doug Baldwin (SEA),73,18.6,50,618,12.4,9,5,0,0,0,0,13,91.8,7.1,0.00%
2018,51,Antonio Callaway (CLE),79,14.5,43,586,13.6,8,5,2,7,0,1,16,89.3,5.6,0.00%
2018,52,Anthony Miller (CHI),54,10.8,33,423,12.8,6,7,6,26,0,0,15,87.2,5.8,0.00%
2018,53,Cole Beasley (DAL),87,17.3,65,672,10.3,3,3,0,0,0,0,16,85.2,5.3,0.00%
2018,54,Taylor Gabriel (CHI),93,18.6,67,688,10.3,7,2,9,61,0,1,16,84.9,5.3,0.10%
2018,55,Donte Moncrief (JAC),89,17.3,48,668,13.9,7,3,0,0,0,1,16,82.8,5.2,0.00%
2018,56,Marvin Jones Jr. (DET),62,11.1,35,508,14.5,5,5,0,0,0,0,9,80.8,9,0.00%
2018,57,Christian Kirk (ARI),68,14.5,43,590,13.7,8,3,3,35,0,0,12,80.5,6.7,6.70%
2018,58,Rashard Higgins (CLE),53,9.4,39,572,14.7,11,4,0,0,0,1,13,79.2,6.1,0.00%
2018,59,Devin Funchess (CAR),79,14.7,44,549,12.5,8,4,0,0,0,0,14,78.9,5.6,0.00%
2018,60,Michael Crabtree (BAL),100,18.6,54,607,11.2,6,3,0,0,0,0,16,78.7,4.9,0.00%
2017,1,DeAndre Hopkins (HOU),174,33.6,96,"1,378",14.4,24,13,0,0,0,1,15,213.8,14.3,0.60%
2017,2,Antonio Brown (PIT),163,27.9,101,"1,533",15.2,27,9,0,0,0,0,14,209.3,15,0.90%
2017,3,Keenan Allen (LAC),159,27.6,102,"1,393",13.7,18,6,2,9,0,0,16,182.2,11.4,18.00%
2017,4,Tyreek Hill (KC),105,19.6,75,"1,183",15.8,15,7,17,59,0,0,15,164.2,10.9,16.00%
2017,5,Marvin Jones Jr. (DET),107,19.2,61,"1,101",18,20,9,0,0,0,0,16,164.1,10.3,0.00%
2017,6,Julio Jones (ATL),148,28.7,88,"1,444",16.4,23,3,1,15,0,0,16,163.9,10.2,0.70%
2017,7,Brandin Cooks (NE),114,19.6,65,"1,082",16.6,18,7,9,40,0,0,16,156.2,9.8,1.10%
2017,8,Michael Thomas (NO),149,28.1,104,"1,245",12,22,5,0,0,0,0,16,154.5,9.7,0.70%
2017,9,Larry Fitzgerald (ARI),161,27.3,109,"1,156",10.6,16,6,0,0,0,1,16,152.4,9.5,0.80%
2017,10,A.J. Green (CIN),143,29,75,"1,078",14.4,9,8,0,0,0,2,16,151.8,9.5,0.70%
2017,11,Adam Thielen (MIN),142,27.2,91,"1,276",14,20,4,1,11,0,2,16,148.7,9.3,3.50%
2017,12,Davante Adams (GB),117,21.1,74,885,12,8,10,0,0,0,0,14,148.5,10.6,96.10%
2017,13,Doug Baldwin (SEA),116,22.1,75,991,13.2,18,8,2,-8,0,0,16,148.3,9.3,0.00%
2017,14,Jarvis Landry (MIA),161,27.5,112,987,8.8,6,9,1,-7,0,2,16,148,9.3,7.10%
2017,15,Alshon Jeffery (PHI),120,21.7,57,789,13.8,8,9,0,0,0,0,16,138.9,8.7,0.00%
2017,16,Robbie Chosen (NYJ),114,23.1,63,941,14.9,17,7,3,9,0,0,16,137,8.6,0.00%
2017,17,Stefon Diggs (MIN),95,18.4,64,849,13.3,14,8,8,13,0,0,14,134.2,9.6,74.50%
2017,18,JuJu Smith-Schuster (PIT),79,13.5,58,917,15.8,12,7,0,0,0,0,14,133.7,9.6,1.10%
2017,19,Golden Tate (DET),120,21.2,92,"1,003",10.9,10,5,5,22,0,1,16,132.5,8.3,1.00%
2017,20,Mike Evans (TB),136,22.6,71,"1,001",14.1,9,5,0,0,0,0,15,132.1,8.8,90.50%
2017,21,Devin Funchess (CAR),111,22.2,63,840,13.3,15,8,0,0,0,0,16,132,8.3,0.00%
2017,22,Nelson Agholor (PHI),95,17,62,768,12.4,9,8,1,7,0,0,16,131.5,8.2,1.00%
2017,23,Demaryius Thomas (DEN),140,25.6,83,949,11.4,15,5,0,0,0,1,16,122.9,7.7,0.10%
2017,24,T.Y. Hilton (IND),109,23.1,57,966,16.9,14,4,0,0,0,1,16,118.6,7.4,1.60%
2017,25,Dez Bryant (DAL),132,27,69,838,12.1,8,6,1,-4,0,1,16,117.4,7.3,2.60%
2017,26,Kenny Stills (MIA),105,17.9,58,847,14.6,14,6,0,0,0,2,16,116.7,7.3,0.00%
2017,27,Cooper Kupp (LAR),94,18.8,62,869,14,12,5,0,0,0,1,15,114.9,7.7,13.70%
2017,28,Michael Crabtree (OAK),101,18.3,58,618,10.7,8,8,0,0,0,0,14,113.8,8.1,0.00%
2017,29,Marquise Goodwin (SF),105,17.3,56,962,17.2,13,2,4,44,0,0,16,112.6,7,0.00%
2017,30,Jermaine Kearse (NYJ),102,20.5,65,810,12.5,9,5,0,0,0,0,16,111,6.9,0.00%
2017,31,Amari Cooper (OAK),96,17.4,48,680,14.2,9,7,1,4,0,0,14,110.4,7.9,1.10%
2017,32,Mohamed Sanu Sr. (ATL),96,18.8,67,703,10.5,10,5,4,10,0,0,15,107.3,7.2,0.00%
2017,32,Robert Woods (LAR),85,17,56,781,13.9,12,5,2,12,0,1,12,107.3,8.9,1.20%
2017,32,Sammy Watkins (LAR),70,14,39,593,15.2,9,8,0,0,0,0,15,107.3,7.2,0.00%
2017,35,Ted Ginn Jr. (NO),70,13.2,53,787,14.8,15,4,10,39,0,0,15,106.6,7.1,0.00%
2017,36,Paul Richardson Jr. (SEA),80,15.3,44,703,16,13,6,0,0,0,0,16,106.3,6.6,0.00%
2017,37,Rishard Matthews (TEN),87,17.8,53,795,15,13,4,1,-3,0,0,14,103.2,7.4,0.00%
2017,38,Mike Wallace (BAL),92,16.4,52,748,14.4,11,4,1,4,0,0,15,99.2,6.6,0.00%
2017,39,Tyrell Williams (LAC),69,11.8,43,728,16.9,12,4,0,0,0,1,16,94.8,5.9,0.00%
2017,40,Jamison Crowder (WAS),103,19.1,66,789,12,12,3,7,34,0,3,15,94.3,6.3,1.00%
2017,41,Randall Cobb (GB),92,16.5,66,653,9.9,7,4,9,17,0,0,15,93.4,6.2,1.70%
2017,42,Marqise Lee (JAC),96,18.6,56,702,12.5,6,3,1,17,0,0,14,91.9,6.6,1.00%
2017,43,Keelan Cole Sr. (JAC),83,16.2,42,748,17.8,11,3,0,0,0,1,16,90.8,5.7,0.00%
2017,44,Travis Benjamin (LAC),65,11.4,34,567,16.7,10,4,13,96,0,0,16,90.3,5.6,1.00%
2017,45,DeSean Jackson (TB),90,15.1,50,668,13.4,10,3,3,38,0,0,14,88.6,6.3,0.60%
2017,46,Kelvin Benjamin (BUF),78,15.9,48,692,14.4,10,3,0,0,0,0,14,87.2,6.2,0.10%
2017,47,Sterling Shepard (NYG),84,14,59,731,12.4,7,2,4,4,0,0,11,85.5,7.8,1.80%
2017,48,William Fuller V (HOU),50,10,28,423,15.1,7,7,2,9,0,0,10,85.2,8.5,0.00%
2017,49,Josh Doctson (WAS),78,14.5,35,502,14.3,6,6,1,-14,0,0,16,84.8,5.3,0.00%
2017,50,Jordy Nelson (GB),88,15.8,53,482,9.1,4,6,0,0,0,0,15,84.2,5.6,0.10%
2017,51,Martavis Bryant (PIT),84,14.4,50,603,12.1,7,3,6,22,0,0,15,82.5,5.5,1.10%
2017,52,Ryan Grant (WAS),65,12.3,45,573,12.7,10,4,0,0,0,0,16,81.3,5.1,0.00%
2017,53,Danny Amendola (NE),86,14.8,61,659,10.8,7,2,0,0,0,0,15,77.9,5.2,0.00%
2017,54,Chris Hogan (NE),59,10.1,34,439,12.9,6,5,3,17,0,0,9,75.6,8.4,0.00%
2017,55,Albert Wilson (KC),62,11.8,42,554,13.2,4,3,3,6,0,0,13,74,5.7,0.00%
2017,56,Tyler Lockett (SEA),71,13.8,45,555,12.3,5,2,10,58,0,0,16,73.3,4.6,0.60%
2017,57,DeVante Parker (MIA),96,16.3,57,670,11.8,9,1,0,0,0,0,13,73,5.6,0.00%
2017,58,Brandon LaFell (CIN),89,17.8,52,548,10.5,6,3,0,0,0,0,16,72.8,4.6,0.00%
2017,59,Jaron Brown (ARI),69,11.6,31,477,15.4,12,4,0,0,0,0,16,71.7,4.5,0.00%
2017,60,Adam Humphries (TB),83,13.9,61,631,10.3,5,1,1,6,0,1,16,67.7,4.2,0.00%
2016,1,Mike Evans (TB),173,30.4,96,"1,321",13.8,15,12,0,0,0,0,16,208.1,13,90.50%
2016,2,Jordy Nelson (GB),152,24.7,97,"1,257",13,19,14,0,0,0,1,16,207.7,13,0.10%
2016,3,Antonio Brown (PIT),154,26.4,106,"1,284",12.1,22,12,3,9,0,0,15,201.3,13.4,0.90%
2016,4,Odell Beckham Jr. (NYG),169,28.2,101,"1,367",13.5,20,10,1,9,0,1,16,195.6,12.2,3.90%
2016,5,T.Y. Hilton (IND),155,27.3,91,"1,448",15.9,28,6,0,0,0,0,16,182.8,11.4,1.60%
2016,6,Julio Jones (ATL),129,24.1,83,"1,409",17,27,6,0,0,0,0,14,176.9,12.6,0.70%
2016,7,Davante Adams (GB),121,19.7,75,997,13.3,17,12,0,0,0,1,16,171.7,10.7,96.10%
2016,8,Brandin Cooks (NO),117,17.9,78,"1,173",15,15,8,6,30,0,0,16,168.3,10.5,1.10%
2016,9,Michael Thomas (NO),121,18.5,92,"1,137",12.4,18,9,0,0,0,2,15,163.7,10.9,0.70%
2016,10,Doug Baldwin (SEA),125,22.8,94,"1,128",12,16,7,3,2,0,0,16,159.6,10,0.00%
2016,11,Michael Crabtree (OAK),145,24.8,89,"1,003",11.3,10,8,0,0,0,0,16,150.3,9.4,0.00%
2016,12,Amari Cooper (OAK),132,22.6,83,"1,153",13.9,21,5,1,0,0,0,16,149.3,9.3,1.10%
2016,13,Tyrell Williams (LAC),119,21.2,69,"1,059",15.3,19,7,0,0,0,0,16,147.9,9.2,0.00%
2016,14,Rishard Matthews (TEN),108,21.8,65,945,14.5,16,9,0,0,0,1,16,146.5,9.2,0.00%
2016,15,Tyreek Hill (KC),83,15.4,61,593,9.7,8,6,24,267,3,1,16,138,8.6,16.00%
2016,16,Jarvis Landry (MIA),131,28.1,94,"1,136",12.1,16,4,5,17,0,2,16,137.3,8.6,7.10%
2016,17,Larry Fitzgerald (ARI),150,23.5,107,"1,023",9.6,8,6,2,5,0,1,16,136.8,8.6,0.80%
2016,18,Terrelle Pryor Sr. (CLE),140,25.2,77,"1,007",13.1,11,4,8,21,1,0,16,136.4,8.5,0.00%
2016,19,Demaryius Thomas (DEN),144,26.1,90,"1,083",12,10,5,0,0,0,2,16,136.3,8.5,0.10%
2016,20,Kelvin Benjamin (CAR),118,21.4,63,941,14.9,10,7,0,0,0,1,16,134.1,8.4,0.10%
2016,21,Emmanuel Sanders (DEN),137,24.4,79,"1,032",13.1,12,5,1,4,0,0,16,133.6,8.4,0.00%
2016,22,Julian Edelman (NE),159,29.2,98,"1,106",11.3,11,3,12,57,0,2,16,132.3,8.3,8.40%
2016,23,Golden Tate (DET),135,23.3,91,"1,077",11.8,13,4,10,4,0,1,16,132.1,8.3,1.00%
2016,24,Mike Wallace (BAL),116,17.8,72,"1,017",14.1,10,4,5,31,0,0,16,130.8,8.2,0.00%
2016,25,Dez Bryant (DAL),96,20.1,50,796,15.9,10,8,0,0,0,1,13,130,10,2.60%
2016,26,Kenny Britt (LAR),111,20.9,68,"1,002",14.7,15,5,0,0,0,1,15,128.2,8.5,0.00%
2016,27,Kenny Stills (MIA),81,17.2,42,726,17.3,10,9,0,0,0,0,16,126.6,7.9,0.00%
2016,28,Allen Robinson II (JAC),151,24.2,73,883,12.1,11,6,0,0,0,0,16,126.3,7.9,1.40%
2016,29,Adam Thielen (MIN),92,16.1,69,967,14,16,5,2,15,0,1,16,126.2,7.9,3.50%
2016,30,DeSean Jackson (WAS),100,17,56,"1,005",17.9,19,4,0,0,0,0,15,124.5,8.3,0.60%
2016,30,Jamison Crowder (WAS),99,16.7,67,847,12.6,11,7,2,-2,0,1,16,124.5,7.8,1.00%
2016,32,Pierre Garcon (WAS),114,19.3,79,"1,041",13.2,15,3,0,0,0,0,16,122.1,7.6,0.00%
2016,33,Brandon LaFell (CIN),107,19.8,64,862,13.5,11,6,1,-2,0,0,16,122,7.6,0.00%
2016,34,A.J. Green (CIN),100,18.4,66,964,14.6,15,4,0,0,0,0,10,120.4,12,0.70%
2016,35,Willie Snead IV (NO),104,16.1,72,895,12.4,12,4,0,0,0,0,15,119.5,8,0.00%
2016,36,DeAndre Hopkins (HOU),151,26.2,78,954,12.2,10,4,0,0,0,0,16,119.4,7.5,0.60%
2016,36,Sterling Shepard (NYG),105,17.5,65,683,10.5,6,8,3,31,0,0,16,119.4,7.5,1.80%
2016,38,Marvin Jones Jr. (DET),103,17.9,55,930,16.9,16,4,1,3,0,0,15,117.3,7.8,0.00%
2016,39,Cole Beasley (DAL),98,20.6,75,833,11.1,6,5,1,7,0,0,16,114,7.1,0.00%
2016,40,Steve Smith (BAL),101,15.6,70,799,11.4,12,5,0,0,0,0,14,113.9,8.1,0.00%
2016,41,Cameron Meredith (CHI),97,17.7,66,888,13.5,13,4,1,6,0,2,14,113.5,8.1,0.00%
2016,42,Quincy Enunwa (NYJ),105,19.2,58,857,14.8,14,4,1,12,0,0,16,110.9,6.9,0.00%
2016,43,Marqise Lee (JAC),105,16.9,63,851,13.5,13,3,6,35,0,1,16,109.4,6.8,1.00%
2016,44,Stefon Diggs (MIN),112,19.3,84,903,10.8,10,3,3,10,0,0,13,109.3,8.4,74.50%
2016,45,Anquan Boldin (DET),95,16.4,67,584,8.7,5,8,0,0,0,0,16,106.4,6.7,0.10%
2016,46,J.J. Nelson (ARI),74,11.6,34,568,16.7,9,6,4,83,1,1,15,105.1,7,0.00%
2016,47,Ted Ginn Jr. (CAR),95,17.4,54,752,13.9,9,4,14,98,0,2,16,105,6.6,0.00%
2016,47,Taylor Gabriel (ATL),50,9.4,35,579,16.5,8,6,4,51,1,0,13,105,8.1,0.10%
2016,47,Dontrelle Inman (LAC),97,17.2,58,810,14,10,4,0,0,0,0,16,105,6.6,0.00%
2016,50,DeVante Parker (MIA),87,18.6,56,744,13.3,9,4,0,0,0,0,15,98.4,6.6,0.00%
2016,51,Brandon Marshall (NYJ),128,23.3,59,788,13.4,10,3,0,0,0,0,15,96.8,6.5,2.60%
2016,52,Alshon Jeffery (CHI),94,17.1,52,821,15.8,12,2,0,0,0,0,12,94.1,7.8,0.00%
2016,53,Chris Hogan (NE),58,10.7,38,680,17.9,11,4,3,9,0,1,15,90.9,6.1,0.00%
2016,54,Mohamed Sanu Sr. (ATL),81,15.5,59,653,11.1,6,4,1,5,0,1,15,89.8,6,0.00%
2016,55,Tavon Austin (LAR),106,20.1,58,509,8.8,6,3,28,159,1,1,15,88.8,5.9,0.60%
2016,56,Randall Cobb (GB),84,13.6,60,610,10.2,7,4,10,33,0,0,13,88.3,6.8,1.70%
2016,57,Travis Benjamin (LAC),75,13.3,47,677,14.4,10,4,2,-3,0,3,14,85.4,6.1,1.00%
2016,58,Tyler Lockett (SEA),66,12,41,597,14.6,9,1,6,114,1,0,15,83.1,5.5,0.60%
2016,59,Jeremy Kerley (SF),115,23.3,64,667,10.4,8,3,0,0,0,1,16,82.7,5.2,0.00%
2016,60,Terrance Williams (DAL),61,12.5,44,594,13.5,6,4,0,0,0,1,16,81.4,5.1,0.00%
2015,1,Antonio Brown (PIT),193,33.1,136,"1,834",13.5,25,10,3,28,0,2,16,246.2,15.4,0.90%
2015,2,Julio Jones (ATL),203,32.9,136,"1,871",13.8,25,8,0,0,0,1,16,239.1,14.9,0.70%
2015,3,Brandon Marshall (NYJ),173,29,109,"1,502",13.8,19,14,0,0,0,2,16,230.2,14.4,2.60%
2015,4,Allen Robinson II (JAC),151,25.1,80,"1,400",17.5,31,14,0,0,0,0,16,224,14,1.40%
2015,5,Odell Beckham Jr. (NYG),158,26,96,"1,450",15.1,19,13,1,3,0,0,15,223.3,14.9,3.90%
2015,6,DeAndre Hopkins (HOU),192,31.6,111,"1,521",13.7,19,11,0,0,0,0,16,220.1,13.8,0.60%
2015,7,Doug Baldwin (SEA),103,21.9,78,"1,069",13.7,16,14,0,0,0,0,16,190.9,11.9,0.00%
2015,8,A.J. Green (CIN),132,26.6,86,"1,297",15.1,19,10,0,0,0,1,16,187.7,11.7,0.70%
2015,9,Calvin Johnson (DET),149,23.8,88,"1,214",13.8,16,9,0,0,0,1,16,173.4,10.8,0.10%
2015,10,Eric Decker (NYJ),132,22,80,"1,027",12.8,16,12,0,0,0,1,15,172.7,11.5,0.60%
2015,11,Larry Fitzgerald (ARI),145,26.5,109,"1,215",11.1,17,9,0,0,0,2,16,171.5,10.7,0.80%
2015,12,Brandin Cooks (NO),129,19.7,84,"1,138",13.5,18,9,8,18,0,0,16,169.6,10.6,1.10%
2015,13,Demaryius Thomas (DEN),177,29.4,105,"1,304",12.4,14,6,0,0,0,2,16,162.4,10.1,0.10%
2015,14,Allen Hurns (JAC),105,17.6,64,"1,031",16.1,19,10,0,0,0,1,15,161.1,10.7,0.00%
2015,15,Jarvis Landry (MIA),166,28.8,110,"1,157",10.5,10,4,18,113,1,0,16,159.4,10,7.10%
2015,16,Sammy Watkins (BUF),96,20.9,60,"1,047",17.5,18,9,1,1,0,0,13,158.8,12.2,0.00%
2015,17,Jeremy Maclin (KC),124,26.9,87,"1,088",12.5,14,8,3,14,0,1,15,156.2,10.4,0.00%
2015,18,Emmanuel Sanders (DEN),137,22.6,76,"1,135",14.9,12,6,3,29,0,2,15,148.4,9.9,0.00%
2015,19,Michael Crabtree (OAK),146,24.1,85,922,10.8,15,9,0,0,0,0,16,146.2,9.1,0.00%
2015,20,John Brown (ARI),101,18.3,65,"1,003",15.4,11,7,3,22,0,1,15,142.5,9.5,0.00%
2015,21,T.Y. Hilton (IND),134,22.5,69,"1,124",16.3,17,5,0,0,0,0,16,142.4,8.9,1.60%
2015,22,James Jones (GB),99,17.5,50,890,17.8,18,8,0,0,0,0,16,141,8.8,0.00%
2015,23,Tavon Austin (LAR),87,18.7,52,473,9.1,5,5,52,434,4,2,16,140.7,8.8,0.60%
2015,23,Amari Cooper (OAK),130,21.6,72,"1,070",14.9,16,6,3,-3,0,1,16,140.7,8.8,1.10%
2015,25,Ted Ginn Jr. (CAR),96,19.2,44,739,16.8,10,10,4,60,0,0,15,139.9,9.3,0.00%
2015,26,Mike Evans (TB),148,28.1,74,"1,206",16.3,21,3,0,0,0,1,15,136.6,9.1,90.50%
2015,27,Randall Cobb (GB),129,22.7,79,829,10.5,11,6,13,50,0,0,16,129.9,8.1,1.70%
2015,28,Rueben Randle (NYG),90,14.7,57,797,14,13,8,0,0,0,0,16,127.7,8,0.00%
2015,29,Travis Benjamin (CLE),125,20.8,68,966,14.2,12,5,4,12,0,2,16,123.8,7.7,1.00%
2015,30,Kamar Aiken (BAL),127,18.6,75,944,12.6,11,5,0,0,0,1,16,122.4,7.6,0.00%
2015,31,Michael Floyd (ARI),89,16.3,52,849,16.3,13,6,0,0,0,0,15,120.9,8.1,0.00%
2015,32,Martavis Bryant (PIT),92,15.7,50,765,15.3,10,6,5,37,1,1,11,120.2,10.9,1.10%
2015,33,Golden Tate (DET),128,20.6,90,813,9,7,6,6,41,0,1,16,119.4,7.5,1.00%
2015,34,Willie Snead IV (NO),101,15.5,69,984,14.3,15,3,0,0,0,1,15,114.4,7.6,0.00%
2015,35,Pierre Garcon (WAS),111,20,72,777,10.8,7,6,0,0,0,0,16,113.7,7.1,0.00%
2015,36,Julian Edelman (NE),88,14,61,692,11.3,8,7,3,23,0,1,9,111.5,12.4,8.40%
2015,37,Donte Moncrief (IND),105,17.5,64,733,11.5,9,6,0,0,0,0,16,109.3,6.8,0.00%
2015,38,Marvin Jones Jr. (CIN),103,20.6,65,816,12.6,13,4,5,33,0,0,16,108.9,6.8,0.00%
2015,39,Markus Wheaton (PIT),79,13.5,44,749,17,9,5,0,0,0,0,16,106.9,6.7,0.00%
2015,40,Alshon Jeffery (CHI),94,18.1,54,807,14.9,14,4,0,0,0,0,9,104.7,11.6,0.00%
2015,41,Tyler Lockett (SEA),69,14.9,51,664,13,9,6,5,20,0,1,16,102.4,6.4,0.60%
2015,42,Terrance Williams (DAL),93,17.9,52,840,16.2,13,3,0,0,0,0,16,102,6.4,0.00%
2015,43,Anquan Boldin (SF),111,21.2,69,789,11.4,10,4,0,0,0,1,14,100.9,7.2,0.10%
2015,44,Jermaine Kearse (SEA),68,14.4,49,685,14,13,5,0,0,0,0,16,98.5,6.2,0.00%
2015,45,Stefon Diggs (MIN),84,19,52,720,13.8,13,4,3,13,0,0,13,97.3,7.5,74.50%
2015,46,Keenan Allen (LAC),89,13.6,67,725,10.8,8,4,0,0,0,1,8,94.5,11.8,18.00%
2015,47,Torrey Smith (SF),62,12.1,33,663,20.1,8,4,0,0,0,0,16,92.3,5.8,0.00%
2015,48,Rishard Matthews (MIA),61,10.4,43,662,15.4,10,4,1,4,0,0,11,90.6,8.2,0.00%
2015,49,Nate Washington (HOU),94,15.5,47,658,14,9,4,0,0,0,0,14,89.8,6.4,0.00%
2015,50,Kenny Britt (LAR),72,15.5,36,681,18.9,11,3,0,0,0,0,16,86.1,5.4,0.00%
2015,51,Steve Smith (BAL),73,10.7,46,670,14.6,13,3,0,0,0,0,7,85,12.1,0.00%
2015,52,Danny Amendola (NE),87,13.9,65,648,10,5,3,2,11,0,1,14,83.3,6,0.00%
2015,53,Dorial Green-Beckham (TEN),67,12.5,32,549,17.2,10,4,0,0,0,0,16,80.9,5.1,0.40%
2015,54,Seth Roberts (OAK),55,9.2,32,480,15,7,5,0,0,0,0,16,80,5,0.00%
2015,55,Cole Beasley (DAL),75,14.6,52,536,10.3,7,5,0,0,0,2,16,79.6,5,0.00%
2015,56,Marques Colston (NO),67,10.5,45,520,11.6,6,4,0,0,0,0,13,76,5.8,0.00%
2015,57,Devin Funchess (CAR),63,12.6,31,473,15.3,5,5,0,0,0,1,16,75.3,4.7,0.00%
2015,58,DeSean Jackson (WAS),49,8.8,30,528,17.6,10,4,0,0,0,1,9,74.8,8.3,0.60%
2015,59,Jamison Crowder (WAS),78,14,59,604,10.2,7,2,2,2,0,1,16,74.6,4.7,1.00%
2015,60,Andre Johnson (IND),77,12.8,41,503,12.3,7,4,0,0,0,0,16,74.3,4.6,0.00%
2015,60,Vincent Jackson (TB),62,12,33,543,16.5,13,3,0,0,0,0,10,74.3,7.4,0.00%
2014,1,Antonio Brown (PIT),181,30.3,129,"1,698",13.2,19,13,4,13,0,2,16,251.9,15.7,0.90%
2014,2,Jordy Nelson (GB),151,28.4,98,"1,519",15.5,19,13,0,0,0,0,16,229.9,14.4,0.10%
2014,2,Demaryius Thomas (DEN),184,30.6,111,"1,619",14.6,25,11,0,0,0,0,16,229.9,14.4,0.10%
2014,4,Dez Bryant (DAL),137,29.3,88,"1,320",15,22,16,0,0,0,0,16,228,14.3,2.60%
2014,5,Odell Beckham Jr. (NYG),130,21.6,91,"1,305",14.3,16,12,7,35,0,1,12,204,17,3.90%
2014,6,Randall Cobb (GB),127,23.8,91,"1,287",14.1,24,12,11,37,0,2,16,202.4,12.7,1.70%
2014,7,Emmanuel Sanders (DEN),141,23.5,101,"1,404",13.9,24,9,8,44,0,0,16,200.8,12.6,0.00%
2014,8,Julio Jones (ATL),163,26.3,104,"1,593",15.3,31,6,1,1,0,1,15,193.4,12.9,0.70%
2014,9,Jeremy Maclin (PHI),143,23.3,85,"1,318",15.5,21,10,0,0,0,0,16,191.8,12,0.00%
2014,10,Mike Evans (TB),123,23.2,68,"1,051",15.5,20,12,0,0,0,0,15,177.1,11.8,90.50%
2014,11,Alshon Jeffery (CHI),145,24.1,85,"1,133",13.3,17,10,6,33,0,0,16,176.6,11,0.00%
2014,12,T.Y. Hilton (IND),131,20.4,82,"1,345",16.4,21,7,2,20,0,1,15,176.5,11.8,1.60%
2014,13,Golden Tate (DET),144,24.3,99,"1,331",13.4,17,4,5,30,0,0,16,160.1,10,1.00%
2014,14,Calvin Johnson (DET),128,21.6,71,"1,077",15.2,16,8,0,0,0,0,13,155.7,12,0.10%
2014,15,DeAndre Hopkins (HOU),127,26.7,76,"1,210",15.9,20,6,0,0,0,1,16,155,9.7,0.60%
2014,16,DeSean Jackson (WAS),95,17.5,56,"1,169",20.9,16,6,4,7,0,0,15,153.6,10.2,0.60%
2014,17,Kelvin Benjamin (CAR),145,26.8,73,"1,008",13.8,14,9,0,0,0,1,16,152.8,9.5,0.10%
2014,18,Mike Wallace (MIA),115,19.7,67,862,12.9,10,10,4,16,0,1,16,145.8,9.1,0.00%
2014,19,Torrey Smith (BAL),92,17.2,49,767,15.7,13,11,0,0,0,0,16,142.7,8.9,0.00%
2014,20,Steve Smith (BAL),134,24.6,79,"1,065",13.5,15,6,0,0,0,1,16,140.5,8.8,0.00%
2014,21,Anquan Boldin (SF),131,27.1,83,"1,062",12.8,14,5,1,4,0,0,16,136.6,8.5,0.10%
2014,21,Brandon LaFell (NE),119,19.9,74,953,12.9,10,7,2,13,0,1,16,136.6,8.5,0.00%
2014,23,A.J. Green (CIN),116,23.3,69,"1,041",15.1,13,6,2,2,0,2,13,136.3,10.5,0.70%
2014,24,Sammy Watkins (BUF),128,22.2,65,982,15.1,14,6,2,8,0,1,16,133,8.3,0.00%
2014,25,Roddy White (ATL),125,19.9,80,921,11.5,14,7,0,0,0,1,14,132.1,9.4,0.00%
2014,26,Julian Edelman (NE),134,22.4,92,972,10.6,7,4,10,94,0,0,14,130.6,9.3,8.40%
2014,27,Eric Decker (NYJ),115,24.1,74,962,13,12,5,0,0,0,0,15,126.2,8.4,0.60%
2014,28,Mohamed Sanu Sr. (CIN),98,19.6,56,790,14.1,9,5,7,51,0,0,16,123.2,7.7,0.00%
2014,29,Malcom Floyd (LAC),92,16.3,52,856,16.5,13,6,0,0,0,0,16,121.6,7.6,0.00%
2014,30,Eddie Royal (LAC),91,16.2,62,778,12.5,14,7,3,14,0,1,16,119.2,7.5,0.00%
2014,31,Michael Floyd (ARI),99,17.4,47,841,17.9,15,6,1,2,0,1,16,118.3,7.4,0.00%
2014,32,Marques Colston (NO),99,15.2,59,902,15.3,17,5,0,0,0,1,16,118.2,7.4,0.00%
2014,33,Brandon Marshall (CHI),106,17.3,61,721,11.8,5,8,0,0,0,1,13,118.1,9.1,2.60%
2014,34,Rueben Randle (NYG),127,21.4,71,938,13.2,12,3,0,0,0,0,16,111.8,7,0.00%
2014,35,Kendall Wright (TEN),93,18.6,57,715,12.5,10,6,4,54,0,1,14,110.9,7.9,0.00%
2014,35,Kenny Stills (NO),84,12.9,63,931,14.8,10,3,1,-2,0,0,15,110.9,7.4,0.00%
2014,37,Greg Jennings (MIN),92,18.4,59,742,12.6,9,6,0,0,0,0,16,110.2,6.9,0.00%
2014,37,Vincent Jackson (TB),142,27.2,70,"1,002",14.3,12,2,0,0,0,1,16,110.2,6.9,0.00%
2014,39,Terrance Williams (DAL),65,13.6,37,621,16.8,10,8,0,0,0,0,16,110.1,6.9,0.00%
2014,40,Andre Johnson (HOU),147,30.8,85,936,11,14,3,0,0,0,3,15,105.6,7,0.00%
2014,41,Martavis Bryant (PIT),49,8,26,549,21.1,8,8,3,12,0,0,10,104.1,10.4,1.10%
2014,42,Allen Hurns (JAC),97,17.4,51,677,13.3,11,6,0,0,0,0,16,103.7,6.5,0.00%
2014,43,Doug Baldwin (SEA),98,23,66,825,12.5,15,3,1,8,0,0,16,101.3,6.3,0.00%
2014,44,James Jones (OAK),112,18.3,73,666,9.1,6,6,0,0,0,1,16,100.6,6.3,0.00%
2014,45,Robert Woods (BUF),104,18.1,65,699,10.8,11,5,0,0,0,1,16,99.9,6.2,1.20%
2014,46,John Brown (ARI),103,18.4,48,696,14.5,11,5,3,-6,0,0,16,99,6.2,0.00%
2014,47,Keenan Allen (LAC),121,21.4,77,783,10.2,6,4,0,0,0,2,14,98.3,7,18.00%
2014,48,Jarvis Landry (MIA),112,19,84,758,9,6,5,2,-4,0,4,16,97.4,6.1,7.10%
2014,49,Andrew Hawkins (CLE),112,22.4,63,824,13.1,13,2,3,15,0,0,15,95.9,6.4,0.00%
2014,50,Kenny Britt (LAR),84,16.8,48,748,15.6,13,3,2,14,0,0,16,94.2,5.9,0.00%
2014,50,Michael Crabtree (SF),108,22.4,68,698,10.3,10,4,1,4,0,0,16,94.2,5.9,0.00%
2014,52,Andre Holmes (OAK),98,15.9,47,693,14.7,9,4,0,0,0,0,16,93.3,5.8,0.00%
2014,53,Pierre Garcon (WAS),105,19.2,68,752,11.1,8,3,0,0,0,0,16,93.2,5.8,0.00%
2014,54,Larry Fitzgerald (ARI),104,18.5,63,784,12.4,11,2,0,0,0,1,14,88.4,6.3,0.80%
2014,55,Reggie Wayne (IND),116,18.1,64,779,12.2,10,2,0,0,0,1,15,87.9,5.9,0.00%
2014,56,Brandin Cooks (NO),69,10.6,53,550,10.4,4,3,7,73,1,0,10,86.3,8.6,1.10%
2014,57,Percy Harvin (NYJ),78,16.7,51,483,9.5,6,1,33,202,1,1,13,78.5,6,0.10%
2014,58,Markus Wheaton (PIT),86,14.2,53,644,12.2,5,2,4,19,0,0,16,78.3,4.9,0.00%
2014,59,Jarius Wright (MIN),62,12.4,42,588,14,9,2,5,71,0,0,16,77.9,4.9,0.00%
2014,60,Nate Washington (TEN),72,14.4,40,647,16.2,11,2,0,0,0,0,16,76.7,4.8,0.00%
2013,1,Josh Gordon (CLE),159,23.5,87,"1,646",18.9,30,9,5,88,0,0,14,227.4,16.2,0.10%
2013,2,Demaryius Thomas (DEN),142,20.9,92,"1,430",15.5,19,14,0,0,0,0,16,227,14.2,0.10%
2013,3,Calvin Johnson (DET),157,25,84,"1,492",17.8,22,12,0,0,0,1,14,219.2,15.7,0.10%
2013,4,A.J. Green (CIN),178,30.9,98,"1,426",14.6,18,11,0,0,0,0,16,208.6,13,0.70%
2013,5,Brandon Marshall (CHI),163,28.9,100,"1,295",13,16,12,0,0,0,0,16,205.5,12.8,2.60%
2013,6,Dez Bryant (DAL),160,27.5,93,"1,233",13.3,14,13,1,1,0,1,16,199.4,12.5,2.60%
2013,7,Antonio Brown (PIT),166,28.5,110,"1,499",13.6,23,8,7,4,0,0,16,198.9,12.4,0.90%
2013,8,Alshon Jeffery (CHI),150,26.4,89,"1,421",16,20,7,16,105,0,1,16,194.6,12.2,0.00%
2013,9,Eric Decker (DEN),136,19.9,87,"1,288",14.8,19,11,0,0,0,1,16,192.8,12,0.60%
2013,10,DeSean Jackson (PHI),125,25,82,"1,332",16.2,25,9,3,2,0,0,16,187.4,11.7,0.60%
2013,11,Jordy Nelson (GB),127,22.8,85,"1,314",15.5,22,8,0,0,0,0,16,179.4,11.2,0.10%
2013,12,Andre Johnson (HOU),181,29.1,109,"1,407",12.9,20,5,0,0,0,0,16,170.7,10.7,0.00%
2013,13,Pierre Garcon (WAS),181,30.2,113,"1,346",11.9,16,5,2,19,0,1,16,164.5,10.3,0.00%
2013,14,Vincent Jackson (TB),160,32.1,78,"1,224",15.7,19,7,1,0,0,0,16,164.4,10.3,0.00%
2013,15,Anquan Boldin (SF),129,31.8,85,"1,179",13.9,19,7,2,11,0,0,16,161,10.1,0.10%
2013,16,Larry Fitzgerald (ARI),134,24.2,82,954,11.6,11,10,2,8,0,1,16,154.2,9.6,0.80%
2013,17,Keenan Allen (LAC),104,19.4,71,"1,046",14.7,16,8,0,0,0,2,15,148.6,9.9,18.00%
2013,18,Julian Edelman (NE),151,24.4,105,"1,056",10.1,9,6,2,11,0,0,16,146.7,9.2,8.40%
2013,19,Terrelle Pryor Sr. (OAK),0,0,0,0,0,0,0,83,576,2,2,11,143.4,13,0.00%
2013,20,T.Y. Hilton (IND),138,24.1,82,"1,083",13.2,13,5,2,6,0,0,16,138.9,8.7,1.60%
2013,21,Torrey Smith (BAL),137,22.5,65,"1,128",17.4,20,4,0,0,0,0,16,138.8,8.7,0.00%
2013,22,Marvin Jones Jr. (CIN),80,13.7,51,712,14,10,10,8,65,0,0,16,137.7,8.6,0.00%
2013,23,Riley Cooper (PHI),84,16.8,47,835,17.8,13,8,0,18,0,0,16,137.3,8.6,0.00%
2013,24,Wes Welker (DEN),111,16.5,73,778,10.7,12,10,0,0,0,1,13,135.8,10.4,0.00%
2013,25,Michael Floyd (ARI),112,20.3,65,"1,041",16,17,5,0,0,0,0,16,134.1,8.4,0.00%
2013,26,Mike Wallace (MIA),141,24.2,73,930,12.7,11,5,3,33,0,0,16,126.3,7.9,0.00%
2013,27,Brian Hartline (MIA),133,23,76,"1,016",13.4,14,4,0,0,0,0,16,125.6,7.8,0.00%
2013,28,Marques Colston (NO),110,16.9,75,943,12.6,13,5,0,0,0,0,15,124.3,8.3,0.00%
2013,29,Golden Tate (SEA),98,24,64,898,14,12,5,3,31,0,0,16,122.9,7.7,1.00%
2013,30,Victor Cruz (NYG),122,22,73,998,13.7,10,4,0,0,0,1,14,121.8,8.7,0.10%
2013,31,Kendall Wright (TEN),140,26.6,94,"1,079",11.5,17,2,0,0,0,0,16,119.9,7.5,0.00%
2013,32,Jerricho Cotchery (PIT),76,13.1,46,602,13.1,9,10,1,-5,0,0,16,119.7,7.5,0.00%
2013,33,Harry Douglas (ATL),132,20.4,85,"1,067",12.6,13,2,0,0,0,2,16,114.7,7.2,0.00%
2013,34,Emmanuel Sanders (PIT),112,19.1,67,740,11,12,6,1,25,0,0,16,114.5,7.2,0.00%
2013,35,Rod Streater (OAK),99,19.8,60,888,14.8,10,4,2,17,0,1,16,112.5,7,0.10%
2013,36,Eddie Royal (LAC),67,12.3,47,631,13.4,12,8,3,21,0,1,15,111.2,7.4,0.00%
2013,37,Nate Washington (TEN),104,19.8,58,919,15.8,11,3,0,0,0,0,16,109.9,6.9,0.00%
2013,38,Doug Baldwin (SEA),73,17.8,50,778,15.6,14,5,2,6,0,0,16,108.4,6.8,0.00%
2013,39,Greg Jennings (MIN),105,19.9,68,804,11.8,11,4,0,0,0,0,15,104.4,7,0.00%
2013,40,Terrance Williams (DAL),74,12.6,44,736,16.7,12,5,3,4,0,2,16,102,6.4,0.00%
2013,41,Denarius Moore (OAK),86,17.2,46,695,15.1,9,5,0,0,0,0,13,99.5,7.7,0.00%
2013,42,Steve Smith (CAR),110,23.6,64,745,11.6,4,4,0,0,0,0,15,98.5,6.6,0.00%
2013,43,James Jones (GB),93,17,59,817,13.8,12,3,0,0,0,1,14,97.7,7,0.00%
2013,44,Dwayne Bowe (KC),103,19.1,57,673,11.8,9,5,0,0,0,0,15,97.3,6.5,0.00%
2013,45,Marlon Brown (BAL),83,13.7,49,524,10.7,6,7,1,-2,0,0,14,96.2,6.9,0.00%
2013,46,Cecil Shorts (JAC),125,21.6,66,777,11.8,10,3,0,0,0,0,13,95.7,7.4,0.00%
2013,47,Rueben Randle (NYG),79,14.1,41,611,14.9,16,6,0,0,0,1,16,95.1,5.9,0.00%
2013,47,Kenny Stills (NO),50,7.8,32,641,20,7,5,3,10,0,0,16,95.1,5.9,0.00%
2013,49,Brandon LaFell (CAR),85,18.3,49,627,12.8,5,5,2,15,0,0,16,94.2,5.9,0.00%
2013,50,Jarrett Boykin (GB),83,14.8,49,681,13.9,10,3,0,0,0,0,16,92.1,5.8,0.00%
2013,51,DeAndre Hopkins (HOU),91,14.5,52,802,15.4,12,2,0,0,0,1,16,90.2,5.6,0.60%
2013,52,Hakeem Nicks (NYG),101,18.1,56,896,16,14,0,0,0,0,0,15,89.6,6,0.00%
2013,53,Ted Ginn Jr. (CAR),68,14.6,36,556,15.4,10,5,4,29,0,0,16,88.5,5.5,0.00%
2013,54,Roddy White (ATL),97,15,63,711,11.3,8,3,0,0,0,1,13,87.1,6.7,0.00%
2013,55,Tavon Austin (LAR),69,13.8,40,418,10.5,5,4,9,151,1,1,13,84.9,6.5,0.60%
2013,56,Robert Woods (BUF),85,16.6,40,587,14.7,9,3,2,16,0,0,14,80.3,5.7,1.20%
2013,57,Steve Johnson (BUF),101,19.4,52,597,11.5,6,3,1,10,0,1,12,78.7,6.6,0.00%
2013,58,Jerome Simpson (MIN),100,19.1,48,726,15.1,12,1,0,0,0,0,16,78.6,4.9,0.00%
2013,59,Aaron Dobson (NE),72,11.5,37,519,14,6,4,0,0,0,0,12,75.9,6.3,0.00%
2013,60,Danny Amendola (NE),83,13.5,54,633,11.7,8,2,1,1,0,0,12,75.4,6.3,0.00%
2012,1,Calvin Johnson (DET),204,27.8,122,"1,964",16.1,40,5,0,0,0,3,16,220.4,13.8,0.10%
2012,2,Brandon Marshall (CHI),194,40.1,118,"1,508",12.8,18,11,1,-2,0,0,16,216.6,13.5,2.60%
2012,3,Dez Bryant (DAL),138,21.2,92,"1,382",15,19,12,2,-5,0,2,16,207.7,13,2.60%
2012,4,A.J. Green (CIN),164,31.2,97,"1,350",13.9,16,11,4,38,0,1,16,202.8,12.7,0.70%
2012,5,Demaryius Thomas (DEN),141,24.1,94,"1,434",15.3,29,10,0,0,0,3,16,197.4,12.3,0.10%
2012,6,Vincent Jackson (TB),147,26.5,72,"1,384",19.2,24,8,0,0,0,0,16,188.4,11.8,0.00%
2012,7,Eric Decker (DEN),122,20.9,85,"1,064",12.5,11,13,0,0,0,0,16,184.4,11.5,0.60%
2012,8,Andre Johnson (HOU),163,29.6,112,"1,598",14.3,23,4,0,0,0,0,16,183.8,11.5,0.00%
2012,9,Julio Jones (ATL),129,21.4,79,"1,198",15.2,17,10,6,30,0,0,16,182.8,11.4,0.70%
2012,10,Roddy White (ATL),143,23.4,92,"1,351",14.7,18,7,0,0,0,0,16,177.1,11.1,0.00%
2012,11,Marques Colston (NO),130,19.8,83,"1,154",13.9,15,10,0,0,0,2,16,171.4,10.7,0.00%
2012,11,Wes Welker (NE),175,27.5,118,"1,354",11.5,13,6,2,20,0,1,16,171.4,10.7,0.00%
2012,13,Victor Cruz (NYG),143,26.7,86,"1,092",12.7,12,10,0,0,0,0,16,169.2,10.6,0.10%
2012,14,Michael Crabtree (SF),126,29.4,85,"1,105",13,15,9,1,8,0,0,16,165.3,10.3,0.00%
2012,15,Reggie Wayne (IND),195,31.5,106,"1,355",12.8,22,5,1,-5,0,1,16,163,10.2,0.00%
2012,16,James Jones (GB),98,18,64,784,12.3,11,14,0,0,0,0,16,162.4,10.1,0.00%
2012,17,Mike Williams (TB),126,22.5,63,996,15.8,17,9,0,0,0,0,16,154.7,9.7,0.00%
2012,18,Randall Cobb (GB),104,19.3,80,954,11.9,17,8,10,132,0,1,15,154.6,10.3,1.70%
2012,19,Steve Smith (CAR),138,28.4,73,"1,174",16.1,17,4,3,27,0,1,16,142.1,8.9,0.00%
2012,20,Lance Moore (NO),104,16,65,"1,041",16,14,6,0,0,0,0,15,140.1,9.3,0.00%
2012,21,Steve Johnson (BUF),148,29.5,79,"1,046",13.2,12,6,0,0,0,1,16,138.6,8.7,0.00%
2012,22,Cecil Shorts (JAC),105,18.1,55,979,17.8,17,7,1,-4,0,1,14,137.5,9.8,0.00%
2012,23,Torrey Smith (BAL),110,19.6,49,855,17.4,16,8,3,9,0,0,16,134.4,8.4,0.00%
2012,24,T.Y. Hilton (IND),90,14.7,50,861,17.2,13,7,5,29,0,0,15,131,8.7,1.60%
2012,25,Mike Wallace (PIT),119,21.2,64,836,13.1,9,8,5,7,0,1,15,130.3,8.7,0.00%
2012,26,Miles Austin (DAL),119,18.2,66,943,14.3,13,6,0,0,0,1,16,128.3,8,0.00%
2012,27,Jeremy Maclin (PHI),122,20.4,69,857,12.4,12,7,0,0,0,1,15,125.7,8.4,0.00%
2012,28,Brandon Lloyd (NE),130,20.6,74,911,12.3,10,4,0,0,0,0,16,121.1,7.6,0.00%
2012,29,Justin Blackmon (JAC),132,23,64,865,13.5,9,5,2,23,0,0,16,120.8,7.6,0.00%
2012,30,Jordy Nelson (GB),73,13.5,49,745,15.2,8,7,0,0,0,0,12,118.5,9.9,0.10%
2012,31,Anquan Boldin (BAL),112,20.3,65,921,14.2,17,4,1,3,0,0,15,118.4,7.9,0.10%
2012,31,Sidney Rice (SEA),82,20,50,748,15,11,7,2,6,0,0,16,118.4,7.4,0.00%
2012,33,Golden Tate (SEA),67,16.4,45,688,15.3,12,7,3,20,0,1,15,115.7,7.7,1.00%
2012,34,Denarius Moore (OAK),114,18.3,51,741,14.5,12,7,1,-5,0,0,15,115.6,7.7,0.00%
2012,35,Brian Hartline (MIA),131,26.2,74,"1,083",14.6,14,1,0,0,0,1,16,112.3,7,0.00%
2012,36,Malcom Floyd (LAC),85,17,56,814,14.5,15,5,0,0,0,0,14,111.4,8,0.00%
2012,37,Andre Roberts (ARI),114,19,64,759,11.9,10,5,4,29,0,0,15,108.8,7.3,0.00%
2012,38,Josh Gordon (CLE),95,16.6,50,805,16.1,12,5,0,0,0,1,16,108.5,6.8,0.10%
2012,39,Danario Alexander (LAC),62,12.4,37,658,17.8,9,7,0,0,0,0,10,107.8,10.8,0.00%
2012,40,Antonio Brown (PIT),106,18.9,66,787,11.9,10,5,7,24,0,2,13,105.1,8.1,0.90%
2012,41,Santana Moss (WAS),62,14.4,41,573,14,10,8,3,14,0,1,16,104.7,6.5,0.00%
2012,42,Larry Fitzgerald (ARI),156,25.9,71,798,11.2,9,4,0,0,0,0,16,103.8,6.5,0.80%
2012,43,Percy Harvin (MIN),85,17.8,62,677,10.9,8,3,22,96,1,1,9,99.3,11,0.10%
2012,44,Brandon Gibson (LAR),82,15.2,51,691,13.5,9,5,0,0,0,0,16,99.1,6.2,0.00%
2012,45,Nate Washington (TEN),90,16.9,46,746,16.2,14,4,0,0,0,0,16,98.6,6.2,0.00%
2012,46,Donnie Avery (IND),126,20.5,60,781,13,9,3,4,9,0,0,16,97,6.1,0.00%
2012,47,Dwayne Bowe (KC),114,24.4,59,801,13.6,11,3,0,0,0,1,13,96.1,7.4,0.00%
2012,48,Brandon LaFell (CAR),76,15.2,44,677,15.4,13,4,3,35,0,0,14,95.2,6.8,0.00%
2012,49,Pierre Garcon (WAS),67,15.5,44,633,14.4,10,4,2,9,0,0,10,94.2,9.4,0.00%
2012,50,Darrius Heyward-Bey (OAK),80,12.9,41,606,14.8,8,5,2,16,0,0,15,92.2,6.1,0.00%
2012,51,Jeremy Kerley (NYJ),96,19.7,56,827,14.8,14,2,5,8,0,3,16,91.2,5.7,0.00%
2012,52,Chris Givens (LAR),80,14.7,42,698,16.6,10,3,3,12,0,0,15,91,6.1,0.00%
2012,53,Greg Little (CLE),92,16.2,53,647,12.2,11,4,2,15,0,0,16,90.2,5.6,0.00%
2012,54,Hakeem Nicks (NYG),100,18.6,53,692,13.1,12,3,0,0,0,0,13,87.2,6.7,0.00%
2012,55,Kendall Wright (TEN),104,19.4,64,626,9.8,6,4,1,4,0,1,15,85,5.7,0.00%
2012,56,Brandon Stokley (DEN),59,10,45,544,12.1,8,5,0,0,0,0,15,84.4,5.6,0.00%
2012,57,Davone Bess (MIA),105,21,61,778,12.8,11,1,0,0,0,0,13,83.8,6.4,0.00%
2012,58,Danny Amendola (LAR),101,18.6,63,666,10.6,5,3,2,8,0,2,11,83.4,7.6,0.00%
2012,59,Kenny Britt (TEN),90,16.6,45,589,13.1,7,4,0,0,0,1,14,82.9,5.9,0.00%
2012,60,DeSean Jackson (PHI),88,14.6,45,700,15.6,9,2,3,-7,0,0,11,81.3,7.4,0.60%
2011,1,Calvin Johnson (DET),158,24.1,96,"1,681",17.5,32,16,1,11,0,1,16,263.2,16.5,0.10%
2011,2,Jordy Nelson (GB),96,17.7,68,"1,263",18.6,19,15,0,0,0,0,16,216.3,13.5,0.10%
2011,3,Wes Welker (NE),173,28.3,122,"1,569",12.9,21,9,4,30,0,0,16,213.9,13.4,0.00%
2011,4,Victor Cruz (NYG),131,22.4,82,"1,536",18.7,25,9,1,3,0,1,16,205.9,12.9,0.10%
2011,5,Larry Fitzgerald (ARI),154,28.6,80,"1,411",17.6,25,8,0,0,0,0,16,189.1,11.8,0.80%
2011,6,Steve Smith (CAR),129,25.7,79,"1,394",17.6,29,7,6,56,0,2,16,185,11.6,0.00%
2011,7,Roddy White (ATL),180,30.6,100,"1,296",13,18,8,0,0,0,0,16,177.6,11.1,0.00%
2011,8,Percy Harvin (MIN),122,24.4,87,967,11.1,14,6,52,345,2,2,16,175.2,11,0.10%
2011,9,Mike Wallace (PIT),113,20.9,72,"1,193",16.6,18,8,5,57,0,1,16,171,10.7,0.00%
2011,10,Vincent Jackson (LAC),115,20.2,60,"1,106",18.4,21,9,3,51,0,0,16,169.7,10.6,0.00%
2011,11,Hakeem Nicks (NYG),133,23,76,"1,192",15.7,17,7,0,0,0,0,15,161.2,10.7,0.00%
2011,12,Marques Colston (NO),107,16.5,80,"1,143",14.3,15,8,0,0,0,1,14,160.3,11.5,0.00%
2011,13,Brandon Marshall (MIA),142,30.5,81,"1,214",15,20,6,1,13,0,1,16,156.7,9.8,2.60%
2011,14,A.J. Green (CIN),115,21.9,65,"1,057",16.3,19,7,5,53,0,0,15,153,10.2,0.70%
2011,15,Laurent Robinson (DAL),81,14.5,54,858,15.9,12,11,0,0,0,0,14,151.8,10.8,0.00%
2011,16,Nate Washington (TEN),121,20.9,74,"1,023",13.8,13,7,2,5,1,0,16,150.8,9.4,0.00%
2011,17,Greg Jennings (GB),101,18.8,67,949,14.2,13,9,0,0,0,0,13,148.9,11.5,0.00%
2011,18,Julio Jones (ATL),95,16.4,54,959,17.8,16,8,6,56,0,1,13,147.5,11.3,0.70%
2011,19,Dwayne Bowe (KC),141,28.2,81,"1,159",14.3,19,5,1,12,0,0,16,147.1,9.2,0.00%
2011,20,Dez Bryant (DAL),103,18.3,63,928,14.7,17,9,1,5,0,1,15,145.3,9.7,2.60%
2011,21,Steve Johnson (BUF),134,23.9,76,"1,004",13.2,13,7,0,0,0,0,16,142.4,8.9,0.00%
2011,22,Torrey Smith (BAL),96,17.9,50,841,16.8,14,7,4,39,0,0,16,130,8.1,0.00%
2011,23,Pierre Garcon (IND),134,25.5,70,947,13.5,9,6,4,28,0,2,16,129.5,8.1,0.00%
2011,24,Antonio Brown (PIT),124,23.2,69,"1,108",16.1,18,2,7,41,0,0,16,126.9,7.9,0.90%
2011,25,Brandon Lloyd (LAR),148,28.7,70,966,13.8,15,5,0,0,0,0,15,126.6,8.4,0.00%
2011,26,Jabar Gaffney (WAS),115,19.8,68,947,13.9,14,5,0,0,0,1,16,122.7,7.7,0.00%
2011,27,DeSean Jackson (PHI),104,19.3,58,961,16.6,15,4,7,41,0,1,15,122.2,8.1,0.60%
2011,28,Reggie Wayne (IND),131,24.9,75,960,12.8,12,4,0,0,0,0,16,120,7.5,0.00%
2011,29,Darrius Heyward-Bey (OAK),115,22,64,975,15.2,14,4,0,0,0,1,15,119.5,8,0.00%
2011,30,Malcom Floyd (LAC),70,12.4,43,856,19.9,16,5,0,0,0,0,12,115.6,9.6,0.00%
2011,31,Lance Moore (NO),73,11.3,52,627,12.1,9,8,0,0,0,0,14,114.7,8.2,0.00%
2011,32,Santonio Holmes (NYJ),101,18.8,51,654,12.8,8,8,3,27,0,1,16,114.1,7.1,0.00%
2011,33,Jeremy Maclin (PHI),97,18,63,859,13.6,15,5,1,1,0,1,13,114,8.8,0.00%
2011,33,Michael Crabtree (SF),114,25.3,72,874,12.1,12,4,1,6,0,0,15,114,7.6,0.00%
2011,35,Plaxico Burress (NYJ),96,17.9,45,612,13.6,6,8,0,0,0,0,16,109.2,6.8,0.00%
2011,36,Eric Decker (DEN),97,22.9,44,612,13.9,9,8,1,1,0,1,16,107.3,6.7,0.60%
2011,37,Anquan Boldin (BAL),106,19.8,57,887,15.6,15,3,0,0,0,0,14,106.7,7.6,0.10%
2011,38,James Jones (GB),55,10.2,38,635,16.7,11,7,0,0,0,0,16,105.5,6.6,0.00%
2011,39,Denarius Moore (OAK),76,14.8,33,618,18.7,12,5,5,61,1,0,13,103.9,8,0.00%
2011,40,Doug Baldwin (SEA),87,17.4,51,788,15.5,19,4,1,-2,0,0,16,102.6,6.4,0.00%
2011,41,Deion Branch (NE),90,14.8,51,702,13.8,10,5,0,0,0,0,14,100.2,7.2,0.00%
2011,41,Miles Austin (DAL),73,12.9,43,579,13.5,9,7,2,3,0,0,10,100.2,10,0.00%
2011,41,Nate Burleson (DET),110,17,73,757,10.4,7,3,11,85,0,1,16,100.2,6.3,0.00%
2011,41,Titus Young (DET),85,13.3,48,607,12.6,7,6,2,15,0,0,16,100.2,6.3,0.00%
2011,45,Robert Meachem (NO),60,9.2,40,620,15.5,9,6,4,18,0,0,16,99.8,6.2,0.00%
2011,46,Early Doucet (ARI),98,18.1,54,689,12.8,9,5,0,0,0,0,16,98.9,6.2,0.00%
2011,47,Jerome Simpson (CIN),105,20.1,50,725,14.5,10,4,0,0,0,0,16,96.5,6,0.00%
2011,48,David Nelson (BUF),98,17.4,61,658,10.8,7,5,0,0,0,0,16,95.8,6,0.00%
2011,49,Steve Breaston (KC),98,19.6,61,785,12.9,9,2,1,25,0,0,16,93,5.8,0.00%
2011,50,Mike Williams (TB),124,21.5,65,771,11.9,9,3,1,3,0,2,16,91.4,5.7,0.00%
2011,51,Damian Williams (TEN),94,16.1,45,592,13.2,7,5,0,0,0,0,15,89.2,5.9,0.00%
2011,52,Greg Little (CLE),121,21.7,61,709,11.6,6,2,3,15,0,0,16,84.4,5.3,0.00%
2011,53,Johnny Knox (CHI),69,14.9,37,727,19.6,12,2,0,0,0,1,14,82.7,5.9,0.00%
2011,54,Santana Moss (WAS),96,16.4,46,584,12.7,10,4,0,0,0,0,12,82.4,6.9,0.00%
2011,55,Donald Driver (GB),56,10.3,37,445,12,5,6,0,0,0,0,16,80.5,5,0.00%
2011,56,Demaryius Thomas (DEN),70,16.7,32,551,17.2,9,4,1,5,0,0,11,79.6,7.2,0.10%
2011,57,Brandon LaFell (CAR),56,11.2,36,613,17,13,3,0,0,0,0,16,79.3,5,0.00%
2011,58,Josh Cribbs (CLE),67,11.9,41,518,12.6,10,4,7,25,0,1,16,76.3,4.8,0.00%
2011,58,Mario Manningham (NYG),77,13.2,39,523,13.4,4,4,0,0,0,0,12,76.3,6.4,0.00%
2011,60,Dezmon Briscoe (TB),51,8.5,35,387,11.1,5,6,0,0,0,0,16,74.7,4.7,0.00%
2010,1,Brandon Lloyd (DEN),153,26.4,77,"1,448",18.8,23,11,1,-18,0,0,16,209,13.1,0.00%
2010,2,Dwayne Bowe (KC),133,28.7,72,"1,162",16.1,19,15,1,4,0,0,16,206.6,12.9,0.00%
2010,3,Roddy White (ATL),179,31.2,115,"1,389",12.1,15,10,1,3,0,1,16,201.2,12.6,0.00%
2010,4,Greg Jennings (GB),125,23.4,76,"1,265",16.6,21,12,1,-1,0,0,16,198.4,12.4,0.00%
2010,5,Mike Wallace (PIT),98,21.3,60,"1,257",21,26,10,5,39,0,0,16,189.6,11.9,0.00%
2010,6,Calvin Johnson (DET),137,21.9,77,"1,120",14.5,16,12,4,32,0,0,15,189.2,12.6,0.10%
2010,7,Hakeem Nicks (NYG),128,24,79,"1,052",13.3,20,11,0,0,0,0,13,171.2,13.2,0.00%
2010,8,Andre Johnson (HOU),138,24.3,86,"1,216",14.1,18,8,2,10,0,0,13,170.6,13.1,0.00%
2010,9,Reggie Wayne (IND),175,25.8,111,"1,355",12.2,13,6,0,0,0,1,16,169.5,10.6,0.00%
2010,10,Steve Johnson (BUF),142,28.2,82,"1,073",13.1,11,10,0,0,0,1,16,165.3,10.3,0.00%
2010,11,Miles Austin (DAL),119,20.8,69,"1,041",15.1,17,7,7,93,1,1,16,159.4,10,0.00%
2010,12,Mike Williams (TB),129,26.5,65,964,14.8,18,11,0,0,0,2,16,158.4,9.9,0.00%
2010,13,Jeremy Maclin (PHI),115,21.2,70,964,13.8,13,10,3,36,0,1,16,158,9.9,0.00%
2010,14,DeSean Jackson (PHI),96,17.6,47,"1,056",22.5,21,6,16,104,1,1,14,156,11.1,0.60%
2010,15,Terrell Owens (CIN),139,23.8,72,983,13.7,15,9,0,0,0,0,13,152.3,11.7,0.00%
2010,16,Larry Fitzgerald (ARI),173,31.3,90,"1,137",12.6,14,6,0,0,0,0,16,151.7,9.5,0.80%
2010,17,Mario Manningham (NYG),92,17,60,944,15.7,19,9,1,2,0,1,16,146.6,9.2,0.00%
2010,18,Marques Colston (NO),132,21.1,84,"1,023",12.2,12,7,1,1,0,0,15,144.4,9.6,0.00%
2010,19,Santana Moss (WAS),145,24.3,93,"1,115",12,9,6,5,-6,0,2,16,142.9,8.9,0.00%
2010,20,Percy Harvin (MIN),109,21.8,71,868,12.2,14,5,18,107,1,1,14,133.5,9.5,0.10%
2010,21,Braylon Edwards (NYJ),101,19.6,53,904,17.1,14,7,1,4,0,1,16,132.8,8.3,0.00%
2010,22,Kenny Britt (TEN),73,15.5,42,775,18.5,12,9,0,0,0,1,12,131.5,11,0.00%
2010,23,Wes Welker (NE),123,24.6,86,848,9.9,6,7,0,0,0,0,15,127.8,8.5,0.00%
2010,24,Johnny Knox (CHI),100,22.7,51,960,18.8,17,5,1,2,0,1,16,124.2,7.8,0.00%
2010,25,Anquan Boldin (BAL),109,21.9,64,837,13.1,10,7,2,2,0,1,16,123.7,7.7,0.10%
2010,26,Lance Moore (NO),94,14.9,66,763,11.6,7,8,0,0,0,1,16,122.3,7.6,0.00%
2010,27,Derrick Mason (BAL),100,20.1,61,802,13.1,9,7,0,0,0,0,16,122.2,7.6,0.00%
2010,28,Brandon Marshall (MIA),146,26.8,86,"1,014",11.8,9,3,2,3,0,1,14,117.7,8.4,2.60%
2010,29,Deion Branch (NE),92,18.2,61,818,13.4,10,6,0,0,0,1,15,115.8,7.7,0.00%
2010,30,Pierre Garcon (IND),119,17.5,67,784,11.7,7,6,2,6,0,0,14,115,8.2,0.00%
2010,31,Mike Thomas (JAC),101,21.7,66,820,12.4,13,4,12,114,0,3,16,111.4,7,0.00%
2010,32,Austin Collie (IND),71,10.5,58,649,11.2,9,8,0,0,0,1,9,110.9,12.3,0.00%
2010,33,Michael Crabtree (SF),101,20.4,55,741,13.5,10,6,0,0,0,0,16,110.1,6.9,0.00%
2010,34,Santonio Holmes (NYJ),96,18.4,52,746,14.3,11,6,2,17,0,2,12,108.3,9,0.00%
2010,35,Davone Bess (MIA),125,22.8,79,820,10.4,8,5,2,-3,0,2,16,107.7,6.7,0.00%
2010,35,Malcom Floyd (LAC),77,14.6,37,717,19.4,12,6,0,0,0,0,11,107.7,9.8,0.00%
2010,37,Chad Johnson (CIN),126,21.4,67,831,12.4,8,4,0,0,0,0,14,107.1,7.6,0.00%
2010,38,Nate Washington (TEN),94,20.3,42,687,16.4,11,6,1,-8,0,0,16,103.9,6.5,0.00%
2010,39,Hines Ward (PIT),94,20.2,59,755,12.8,14,5,1,-2,0,1,16,103.3,6.5,0.00%
2010,40,Anthony Armstrong (WAS),86,14.4,44,871,19.8,15,3,0,0,0,1,15,103.1,6.9,0.00%
2010,41,Nate Burleson (DET),86,13.9,55,625,11.4,8,6,7,81,0,2,14,102.6,7.3,0.00%
2010,42,Jabar Gaffney (DEN),112,19.4,65,875,13.5,12,2,0,0,0,0,16,99.5,6.2,0.00%
2010,43,Mike Sims-Walker (JAC),80,17.3,43,562,13.1,11,7,0,0,0,1,14,96.2,6.9,0.00%
2010,44,James Jones (GB),87,16.4,50,679,13.6,8,5,0,0,0,1,16,95.9,6,0.00%
2010,45,Robert Meachem (NO),66,10.7,44,638,14.5,10,5,4,14,0,0,16,95.2,5.9,0.00%
2010,46,Danny Amendola (LAR),123,21.3,85,689,8.1,2,3,7,81,0,1,16,93,5.8,0.00%
2010,47,Kevin Walter (HOU),80,14.5,51,621,12.2,8,5,0,0,0,0,16,92.1,5.8,0.00%
2010,48,Dez Bryant (DAL),73,13.1,45,561,12.5,8,6,1,0,0,1,12,90.1,7.5,2.60%
2010,49,Steve Breaston (ARI),87,15.8,47,718,15.3,15,1,3,35,0,0,13,88,6.8,0.00%
2010,50,Mike Williams (SEA),110,20.4,65,751,11.6,8,2,1,0,0,0,13,87.1,6.7,0.00%
2010,51,Jacoby Ford (OAK),54,11.1,25,470,18.8,8,2,10,155,2,1,16,84.5,5.3,0.00%
2010,52,Eddie Royal (DEN),105,18.3,59,627,10.6,8,3,6,61,0,2,16,82.8,5.2,0.00%
2010,53,Josh Morgan (SF),80,16,44,698,15.9,12,2,2,17,0,1,16,81.5,5.1,0.00%
2010,54,Roy Williams (DAL),64,11.3,37,530,14.3,11,5,0,0,0,2,15,81,5.4,0.00%
2010,55,Lee Evans (BUF),84,16.8,37,578,15.6,9,4,0,0,0,1,13,79.8,6.1,0.00%
2010,56,Ben Obomanu (SEA),49,9.1,30,494,16.5,7,4,2,17,0,0,15,79.1,5.3,0.00%
2010,57,Donald Driver (GB),85,15.9,51,565,11.1,6,4,0,0,0,1,15,78.5,5.2,0.00%
2010,58,Jordan Shipley (CIN),74,12.5,52,600,11.5,7,3,0,0,0,0,15,78,5.2,0.00%
2010,59,Jacoby Jones (HOU),78,13.9,51,562,11,6,3,2,7,0,0,15,76.9,5.1,0.00%
2010,60,Brandon Gibson (LAR),91,15.6,53,620,11.7,6,2,3,28,0,0,14,76.8,5.5,0.00%
2009,1,Andre Johnson (HOU),171,29.2,101,"1,569",15.5,22,9,2,10,0,0,16,213.9,13.4,0.00%
2009,2,Randy Moss (NE),137,23.2,83,"1,264",15.2,18,13,0,0,0,1,16,204.4,12.8,0.00%
2009,3,Miles Austin (DAL),124,23,81,"1,320",16.3,21,11,2,-2,0,0,16,197.8,12.4,0.00%
2009,4,DeSean Jackson (PHI),116,21.3,62,"1,156",18.6,18,9,11,137,1,1,15,187.3,12.5,0.60%
2009,5,Larry Fitzgerald (ARI),153,26.1,97,"1,092",11.3,12,13,0,0,0,0,16,187.2,11.7,0.80%
2009,6,Reggie Wayne (IND),149,25,100,"1,264",12.6,20,10,0,0,0,0,16,184.4,11.5,0.00%
2009,7,Roddy White (ATL),165,30.2,85,"1,153",13.6,13,11,1,2,0,0,16,181.5,11.3,0.00%
2009,8,Sidney Rice (MIN),121,22,83,"1,312",15.8,19,8,0,0,0,1,16,177.2,11.1,0.00%
2009,9,Brandon Marshall (DEN),154,27.8,101,"1,120",11.1,11,10,7,39,0,0,15,175.9,11.7,2.60%
2009,10,Vincent Jackson (LAC),108,21.6,68,"1,167",17.2,17,9,3,11,0,0,15,171.8,11.5,0.00%
2009,11,Steve Smith (NYG),157,29.6,107,"1,220",11.4,14,7,0,0,0,0,16,164,10.3,0.00%
2009,12,Wes Welker (NE),162,27.5,123,"1,348",11,8,4,5,36,0,0,14,162.4,11.6,0.00%
2009,13,Marques Colston (NO),107,20,70,"1,074",15.3,18,9,1,6,0,2,16,158,9.9,0.00%
2009,14,Chad Johnson (CIN),128,27.6,72,"1,047",14.5,15,9,3,32,0,2,16,157.9,9.9,0.00%
2009,15,Santonio Holmes (PIT),138,25.8,79,"1,248",15.8,21,5,3,6,0,0,16,153.4,9.6,0.00%
2009,16,Hines Ward (PIT),137,25.6,95,"1,167",12.3,15,6,0,0,0,1,16,150.7,9.4,0.00%
2009,17,Derrick Mason (BAL),134,26.8,73,"1,028",14.1,9,7,1,2,0,0,16,145,9.1,0.00%
2009,18,Steve Smith (CAR),128,28.1,65,982,15.1,15,7,5,22,0,0,15,144.4,9.6,0.00%
2009,19,Donald Driver (GB),112,21,70,"1,061",15.2,15,6,1,13,0,1,16,141.4,8.8,0.00%
2009,20,Greg Jennings (GB),119,22,68,"1,113",16.4,16,4,0,0,0,0,16,139.3,8.7,0.00%
2009,21,Robert Meachem (NO),64,12.1,45,722,16,12,9,6,82,0,1,16,138.4,8.6,0.00%
2009,22,Calvin Johnson (DET),137,23.8,67,984,14.7,15,5,7,73,0,2,14,131.7,9.4,0.10%
2009,23,Anquan Boldin (ARI),127,21.5,84,"1,024",12.2,10,4,3,12,1,2,15,129.6,8.6,0.10%
2009,24,Percy Harvin (MIN),91,16.5,60,790,13.2,12,6,15,135,0,0,15,128.5,8.6,0.10%
2009,25,Mike Sims-Walker (JAC),111,21.9,63,869,13.8,12,7,0,0,0,1,15,126.9,8.5,0.00%
2009,26,Terrell Owens (BUF),109,25.2,55,829,15.1,9,5,6,54,1,0,16,124.3,7.8,0.00%
2009,27,Hakeem Nicks (NYG),74,13.9,47,790,16.8,13,6,2,8,0,0,14,115.8,8.3,0.00%
2009,28,Mike Wallace (PIT),72,13.4,39,756,19.4,14,6,5,48,0,1,16,114.4,7.1,0.00%
2009,29,Mario Manningham (NYG),99,18.8,57,822,14.4,15,5,0,0,0,1,14,110.2,7.9,0.00%
2009,30,Austin Collie (IND),89,14.9,60,676,11.3,11,7,2,1,0,0,16,109.7,6.9,0.00%
2009,31,T.J. Houshmandzadeh (SEA),135,24.2,79,911,11.5,11,3,0,0,0,1,16,107.1,6.7,0.00%
2009,32,Santana Moss (WAS),120,22.8,70,902,12.9,14,3,2,8,0,1,16,107,6.7,0.00%
2009,33,Jerricho Cotchery (NYJ),96,24.9,57,821,14.4,13,3,2,7,1,0,14,106.8,7.6,0.00%
2009,34,Lee Evans (BUF),95,22.1,44,612,13.9,10,7,0,0,0,0,16,103.2,6.4,0.00%
2009,35,Chris Chambers (KC),92,17.8,45,730,16.2,11,5,0,0,0,0,16,103,6.4,0.00%
2009,36,Pierre Garcon (IND),92,15.3,47,765,16.3,13,4,2,10,0,0,14,101.5,7.2,0.00%
2009,37,Jeremy Maclin (PHI),92,17.1,56,773,13.8,11,4,2,-7,0,0,15,100.6,6.7,0.00%
2009,38,Roy Williams (DAL),86,15.8,38,596,15.7,9,7,0,0,0,1,15,99.6,6.6,0.00%
2009,39,Nate Burleson (SEA),103,18.5,63,812,12.9,10,3,2,4,0,2,13,95.6,7.4,0.00%
2009,40,Nate Washington (TEN),95,20.3,47,569,12.1,6,6,2,15,0,0,16,94.4,5.9,0.00%
2009,41,Devery Henderson (NO),83,15.5,51,804,15.8,11,2,4,13,0,0,16,93.7,5.9,0.00%
2009,42,Patrick Crayton (DAL),67,12.5,37,622,16.8,8,5,4,28,0,1,16,93,5.8,0.00%
2009,43,Braylon Edwards (NYJ),95,24.5,45,680,15.1,11,4,0,0,0,1,16,92,5.8,0.00%
2009,44,Devin Hester (CHI),91,16.6,57,757,13.3,12,3,6,-1,0,1,13,91.6,7,0.40%
2009,44,Steve Breaston (ARI),82,13.9,55,712,12.9,12,3,2,44,0,1,15,91.6,6.1,0.00%
2009,46,Donnie Avery (LAR),97,17.8,47,589,12.5,9,5,4,30,0,2,16,87.9,5.5,0.00%
2009,47,Kenny Britt (TEN),75,16.2,42,701,16.7,10,3,0,0,0,1,16,86.1,5.4,0.00%
2009,48,Bernard Berrian (MIN),92,16.7,55,618,11.2,5,4,0,0,0,0,16,85.8,5.4,0.00%
2009,49,Earl Bennett (CHI),88,16,54,717,13.3,15,2,0,0,0,0,16,85.7,5.4,0.00%
2009,50,Jabar Gaffney (DEN),87,15.4,54,732,13.6,12,2,0,0,0,0,16,85.2,5.3,0.00%
2009,51,Antonio Bryant (TB),87,17,39,600,15.4,14,4,0,0,0,0,13,84,6.5,0.00%
2009,52,Malcom Floyd (LAC),76,15.1,45,776,17.2,13,1,0,0,0,0,16,83.6,5.2,0.00%
2009,53,Davone Bess (MIA),113,21,76,758,10,6,2,2,11,0,3,16,82.9,5.2,0.00%
2009,53,Dwayne Bowe (KC),87,16.8,47,589,12.5,8,4,0,0,0,0,11,82.9,7.5,0.00%
2009,55,Laveranues Coles (CIN),77,16.5,43,514,12,8,5,2,10,0,0,15,82.4,5.5,0.00%
2009,56,Jacoby Jones (HOU),40,6.9,27,437,16.2,7,6,3,22,0,0,14,81.9,5.9,0.00%
2009,57,Louis Murphy (OAK),96,20.1,34,521,15.3,6,4,6,31,0,0,16,79.2,5,0.00%
2009,58,Jason Avant (PHI),58,10.9,41,587,14.3,11,3,0,0,0,0,16,78.7,4.9,0.00%
2009,58,Johnny Knox (CHI),80,14.5,45,527,11.7,7,5,0,0,0,2,15,78.7,5.2,0.00%
2009,60,Mohamed Massaquoi (CLE),95,24.1,34,624,18.4,11,3,1,-3,0,1,16,78.1,4.9,0.00%
2008,1,Larry Fitzgerald (ARI),19,21.4,96,"1,431",14.9,20,12,0,0,0,0,16,215.1,13.4,0.80%
2008,2,Andre Johnson (HOU),26,40.6,115,"1,575",13.7,20,8,0,0,0,0,16,207.5,13,0.00%
2008,3,Calvin Johnson (DET),0,0,78,"1,331",17.1,21,12,3,-1,0,0,16,207,12.9,0.10%
2008,4,Greg Jennings (GB),0,0,80,"1,292",16.2,21,9,0,0,0,0,16,185.2,11.6,0.00%
2008,5,Steve Smith (CAR),8,11.6,78,"1,421",18.2,23,6,5,40,0,0,14,182.1,13,0.00%
2008,6,Roddy White (ATL),0,0,88,"1,382",15.7,18,7,2,4,0,0,16,180.6,11.3,0.00%
2008,7,Anquan Boldin (ARI),12,13.5,89,"1,038",11.7,10,11,9,67,0,0,12,176.5,14.7,0.10%
2008,8,Antonio Bryant (TB),28,25.7,83,"1,248",15,16,7,2,22,0,0,15,169,11.3,0.00%
2008,9,Terrell Owens (DAL),0,0,69,"1,052",15.2,15,10,7,33,0,0,16,168.5,10.5,0.00%
2008,10,Randy Moss (NE),18,25.4,69,"1,008",14.6,14,11,2,0,0,0,16,166.8,10.4,0.00%
2008,11,Brandon Marshall (DEN),0,0,104,"1,265",12.2,16,6,2,-4,0,0,15,162.1,10.8,2.60%
2008,12,Vincent Jackson (LAC),4,15.4,59,"1,098",18.6,16,7,4,69,0,0,16,158.7,9.9,0.00%
2008,13,Reggie Wayne (IND),7,17.1,82,"1,145",14,13,6,0,0,0,0,16,152.5,9.5,0.00%
2008,14,Lance Moore (NO),8,19,79,928,11.7,8,10,0,0,0,0,16,150.8,9.4,0.00%
2008,15,Hines Ward (PIT),8,24.2,81,"1,043",12.9,15,7,1,4,0,0,16,146.7,9.2,0.00%
2008,16,Dwayne Bowe (KC),6,24,86,"1,022",11.9,12,7,0,0,0,0,16,144.2,9,0.00%
2008,17,Santana Moss (WAS),1,3.3,79,"1,044",13.2,15,6,1,27,0,0,16,143.1,8.9,0.00%
2008,18,Bernard Berrian (MIN),4,16.7,48,964,20.1,14,7,4,26,0,0,15,141,9.4,0.00%
2008,19,Eddie Royal (DEN),0,0,91,980,10.8,8,5,11,109,0,0,15,140.9,9.4,0.00%
2008,20,Kevin Walter (HOU),8,12.6,60,899,15,15,8,3,23,0,0,16,140.2,8.8,0.00%
2008,21,Wes Welker (NE),18,25.4,111,"1,165",10.5,13,3,3,26,0,0,16,139.1,8.7,0.00%
2008,22,Derrick Mason (BAL),10,20,80,"1,037",13,12,5,1,3,0,0,16,136,8.5,0.00%
2008,23,Donald Driver (GB),0,0,74,"1,012",13.7,13,5,2,4,0,0,16,131.6,8.2,0.00%
2008,24,Laveranues Coles (NYJ),15,21.5,70,850,12.1,12,7,2,9,0,0,16,127.9,8,0.00%
2008,25,Isaac Bruce (SF),26,28.6,61,835,13.7,14,7,1,-3,0,0,15,125.2,8.3,0.00%
2008,26,Lee Evans (BUF),6,16.7,63,"1,017",16.1,13,3,1,22,0,0,16,123.9,7.7,0.00%
2008,27,Muhsin Muhammad (CAR),23,33.3,65,923,14.2,12,5,0,0,0,0,16,122.3,7.6,0.00%
2008,28,Steve Breaston (ARI),21,23.6,77,"1,006",13.1,13,3,2,8,0,0,16,119.4,7.5,0.00%
2008,29,Jerricho Cotchery (NYJ),13,18.6,71,858,12.1,11,5,2,8,0,0,16,118.6,7.4,0.00%
2008,30,DeSean Jackson (PHI),28,20.1,62,912,14.7,17,2,17,96,1,0,16,116.8,7.3,0.60%
2008,31,T.J. Houshmandzadeh (CIN),0,0,92,904,9.8,10,4,1,9,0,0,14,115.3,8.2,0.00%
2008,32,Santonio Holmes (PIT),6,18.2,55,821,14.9,10,5,2,9,0,0,15,113,7.5,0.00%
2008,33,Ted Ginn Jr. (MIA),5,16.1,56,790,14.1,7,2,5,73,2,0,16,110.3,6.9,0.00%
2008,34,Braylon Edwards (CLE),11,21.1,55,873,15.9,15,3,0,0,0,0,16,109.3,6.8,0.00%
2008,35,Mark Clayton (BAL),8,16,41,695,17,9,3,6,81,1,0,16,106.9,6.7,0.00%
2008,36,Marques Colston (NO),12,28.6,47,760,16.2,12,5,0,0,0,0,11,106,9.6,0.00%
2008,37,Justin Gage (TEN),3,9.1,34,651,19.1,13,6,0,0,0,0,11,101.1,9.2,0.00%
2008,38,Devery Henderson (NO),1,2.4,32,793,24.8,13,3,4,33,0,0,16,100.6,6.3,0.00%
2008,39,Donnie Avery (LAR),10,27.8,53,674,12.7,8,3,10,69,1,0,15,98.3,6.6,0.00%
2008,40,Michael Jenkins (ATL),0,0,50,777,15.5,13,3,0,0,0,0,16,97.7,6.1,0.00%
2008,41,Torry Holt (LAR),9,25,64,796,12.4,9,3,0,0,0,0,16,97.6,6.1,0.00%
2008,42,Marvin Harrison (IND),4,9.8,60,636,10.6,4,5,0,0,0,0,15,93.6,6.2,0.00%
2008,43,Devin Hester (CHI),6,8.7,51,665,13,9,3,6,61,0,0,15,90.6,6,0.40%
2008,44,Anthony Gonzalez (IND),12,29.3,57,664,11.6,7,4,0,0,0,0,16,90.4,5.7,0.00%
2008,45,Antwaan Randle El (WAS),10,33.3,53,593,11.2,6,4,1,5,0,0,16,89.6,5.6,0.00%
2008,46,Matt Jones (JAC),27,35.6,65,761,11.7,9,2,0,0,0,0,12,88.1,7.3,0.00%
2008,47,Nate Washington (PIT),7,21.2,40,631,15.8,7,3,5,18,0,0,16,82.9,5.2,0.00%
2008,48,Amani Toomer (NYG),0,0,48,580,12.1,6,4,0,0,0,0,15,82,5.5,0.00%
2008,49,Patrick Crayton (DAL),0,0,39,550,14.1,8,4,1,11,0,0,15,80.1,5.3,0.00%
2008,50,Chad Johnson (CIN),0,0,53,540,10.2,3,4,0,0,0,0,13,78,6,0.00%
2008,51,Chris Chambers (LAC),6,23.1,33,462,14,4,5,1,1,0,0,13,76.3,5.9,0.00%
2008,52,Domenik Hixon (NYG),0,0,43,596,13.9,5,2,2,26,0,0,16,76.2,4.8,0.00%
2008,53,Greg Camarillo (MIA),0,0,55,613,11.1,6,2,2,1,0,0,11,73.4,6.7,0.00%
2008,54,Bryant Johnson (SF),13,14.3,45,546,12.1,6,3,0,0,0,0,13,72.6,5.6,0.00%
2008,55,Brandon Stokley (DEN),0,0,49,528,10.8,3,3,0,0,0,0,15,70.8,4.7,0.00%
2008,56,Malcom Floyd (LAC),0,0,27,465,17.2,8,4,0,0,0,0,13,70.5,5.4,0.00%
2008,57,Jerheme Urban (ARI),10,11.2,34,448,13.2,6,4,0,0,0,0,14,69.5,5,0.00%
2008,58,Plaxico Burress (NYG),0,0,35,454,13,6,4,0,0,0,0,10,69.4,6.9,0.00%
2008,59,Dennis Northcutt (JAC),8,10.5,44,545,12.4,7,2,1,9,0,0,14,67.4,4.8,0.00%
2008,60,Ike Hilliard (TB),13,11.9,47,424,9,2,4,1,0,0,0,15,66.4,4.4,0.00%
2007,1,Randy Moss (NE),0,0,98,"1,493",15.2,17,23,0,0,0,0,16,287.3,18,0.00%
2007,2,Terrell Owens (DAL),0,0,81,"1,355",16.7,22,15,1,5,0,0,15,226,15.1,0.00%
2007,3,Braylon Edwards (CLE),20,32.8,80,"1,289",16.1,20,16,0,0,0,1,16,222.9,13.9,0.00%
2007,4,Reggie Wayne (IND),0,0,104,"1,510",14.5,19,10,1,4,0,0,16,211.4,13.2,0.00%
2007,5,Larry Fitzgerald (ARI),8,30.8,100,"1,409",14.1,15,10,0,0,0,1,15,198.9,13.3,0.80%
2007,6,Chad Johnson (CIN),0,0,93,"1,440",15.5,27,8,6,47,0,0,16,196.7,12.3,0.00%
2007,7,T.J. Houshmandzadeh (CIN),0,0,112,"1,143",10.2,8,12,5,14,0,0,16,187.7,11.7,0.00%
2007,8,Marques Colston (NO),21,17.8,98,"1,202",12.3,14,11,0,0,0,0,16,186.2,11.6,0.00%
2007,9,Brandon Marshall (DEN),0,0,102,"1,325",13,10,7,5,57,0,0,16,180.2,11.3,2.60%
2007,10,Plaxico Burress (NYG),11,35.5,70,"1,025",14.6,15,12,0,0,0,0,16,174.5,10.9,0.00%
2007,11,Wes Welker (NE),0,0,112,"1,175",10.5,10,8,4,34,0,0,16,168.9,10.6,0.00%
2007,12,Greg Jennings (GB),6,20,53,920,17.4,11,12,0,0,0,0,13,164,12.6,0.00%
2007,13,Torry Holt (LAR),6,15.4,93,"1,189",12.8,11,7,0,0,0,0,16,162.9,10.2,0.00%
2007,14,Kevin Curtis (PHI),19,19,77,"1,110",14.4,11,6,0,0,0,0,16,159,9.9,0.00%
2007,15,Roddy White (ATL),14,24.1,83,"1,202",14.5,19,6,1,-2,0,0,16,156,9.7,0.00%
2007,16,Bobby Engram (SEA),13,15.1,94,"1,147",12.2,11,6,0,0,0,0,16,150.7,9.4,0.00%
2007,17,Steve Smith (CAR),42,31.9,87,"1,002",11.5,9,7,9,66,0,0,15,148.8,9.9,0.00%
2007,18,Santonio Holmes (PIT),0,0,52,942,18.1,12,8,5,17,0,0,13,145.9,11.2,0.00%
2007,19,Anquan Boldin (ARI),0,0,71,853,12,13,9,1,14,0,0,12,140.7,11.7,0.10%
2007,20,Derrick Mason (BAL),12,29.3,103,"1,087",10.6,7,5,0,0,0,0,16,138.7,8.7,0.00%
2007,21,Joey Galloway (TB),5,11.6,57,"1,014",17.8,12,6,1,1,0,0,15,137.5,9.2,0.00%
2007,22,Andre Johnson (HOU),10,14.1,60,851,14.2,8,8,0,0,0,0,9,133.1,14.8,0.00%
2007,23,Shaun McDonald (DET),0,0,79,943,11.9,11,6,4,2,0,0,16,130.5,8.2,0.00%
2007,24,Dwayne Bowe (KC),11,28.9,70,995,14.2,13,5,0,0,0,0,16,129.5,8.1,0.00%
2007,25,Jerricho Cotchery (NYJ),8,25.8,82,"1,130",13.8,17,2,5,38,0,0,15,128.8,8.6,0.00%
2007,26,Bernard Berrian (CHI),0,0,71,951,13.4,9,5,0,0,0,0,16,125.1,7.8,0.00%
2007,27,Nate Burleson (SEA),16,18.6,50,694,13.9,16,9,2,4,0,0,16,123.8,7.7,0.00%
2007,28,Reggie Williams (JAC),0,0,38,629,16.6,11,10,1,8,0,0,14,123.7,8.8,0.00%
2007,29,Chris Chambers (LAC),20,28.5,66,970,14.7,15,4,3,12,0,0,16,122.2,7.6,0.00%
2007,30,Hines Ward (PIT),0,0,71,732,10.3,6,7,3,11,0,0,13,118.3,9.1,0.00%
2007,31,Donald Driver (GB),9,30,82,"1,048",12.8,14,2,2,4,0,0,15,117.2,7.8,0.00%
2007,32,Lee Evans (BUF),19,32.8,55,849,15.4,11,5,0,0,0,0,16,114.9,7.2,0.00%
2007,33,Roy Williams (DET),0,0,64,838,13.1,10,5,2,1,0,0,12,113.9,9.5,0.00%
2007,34,Kevin Walter (HOU),15,21.1,65,800,12.3,8,4,5,30,0,0,16,113,7.1,0.00%
2007,35,Patrick Crayton (DAL),0,0,50,697,13.9,10,7,0,0,0,0,15,111.7,7.4,0.00%
2007,36,Calvin Johnson (DET),0,0,48,756,15.8,10,4,4,52,1,0,15,110.8,7.4,0.10%
2007,37,Reggie Brown (PHI),28,28,61,780,12.8,6,4,5,36,0,0,16,105.6,6.6,0.00%
2007,38,Laveranues Coles (NYJ),3,9.7,55,646,11.7,9,6,0,0,0,0,11,100.6,9.1,0.00%
2007,39,Santana Moss (WAS),0,0,61,808,13.2,11,3,3,13,0,0,14,100.1,7.1,0.00%
2007,40,Isaac Bruce (LAR),10,25.6,55,733,13.3,9,4,2,-4,0,0,13,96.9,7.5,0.00%
2007,41,David Patten (NO),21,17.7,54,792,14.7,11,3,2,-5,0,0,15,96.7,6.4,0.00%
2007,42,Arnaz Battle (SF),10,35.7,50,600,12,6,5,4,4,1,0,16,96.4,6,0.00%
2007,43,Roydell Williams (TEN),0,0,55,719,13.1,6,4,2,-17,0,0,15,94.2,6.3,0.00%
2007,44,Amani Toomer (NYG),5,16.1,59,760,12.9,8,3,0,0,0,0,15,94,6.3,0.00%
2007,45,Brandon Stokley (DEN),0,0,40,635,15.9,9,5,1,-6,0,0,13,92.9,7.1,0.00%
2007,46,Deion Branch (SEA),0,0,49,661,13.5,10,4,0,0,0,0,10,90.1,9,0.00%
2007,47,Donte' Stallworth (NE),0,0,46,697,15.2,9,3,1,12,0,0,16,88.9,5.6,0.00%
2007,48,Justin Gage (TEN),0,0,55,750,13.6,8,2,0,0,0,0,16,87,5.4,0.00%
2007,49,Dennis Northcutt (JAC),0,0,44,601,13.7,9,4,6,27,0,0,15,86.8,5.8,0.00%
2007,50,Joe Jerevicius (CLE),10,16.4,50,614,12.3,5,3,0,0,0,0,16,81.4,5.1,0.00%
2007,51,Antwaan Randle El (WAS),0,0,51,728,14.3,8,1,4,-3,0,0,15,81.3,5.4,0.00%
2007,52,Vincent Jackson (LAC),13,18.5,41,623,15.2,10,3,0,0,0,0,16,80.3,5,0.00%
2007,53,James Jones (GB),4,13.3,47,676,14.4,9,2,0,0,0,0,16,79.6,5,0.00%
2007,54,Ike Hilliard (TB),3,7,62,722,11.6,7,1,1,6,0,0,15,78.8,5.3,0.00%
2007,55,Andre Davis (HOU),5,7,33,583,17.7,10,3,0,0,0,0,14,78.3,5.6,0.00%
2007,56,Michael Jenkins (ATL),4,6.9,53,532,10,4,4,0,0,0,0,15,77.2,5.1,0.00%
2007,57,Drew Carter (CAR),21,15.9,38,517,13.6,7,4,0,0,0,0,15,75.7,5,0.00%
2007,58,Anthony Gonzalez (IND),0,0,37,576,15.6,11,3,0,0,0,0,11,75.6,6.9,0.00%
2007,59,Muhsin Muhammad (CHI),0,0,40,570,14.3,7,3,0,0,0,0,15,75,5,0.00%
2007,59,Nate Washington (PIT),0,0,29,450,15.5,6,5,1,0,0,0,16,75,4.7,0.00%
2007,61,Jabar Gaffney (NE),0,0,36,449,12.5,5,5,0,0,0,0,13,74.9,5.8,0.00%
2006,1,Marvin Harrison (IND),0,0,95,"1,366",14.4,18,12,0,0,0,0,16,208.6,13,0.00%
2006,2,Terrell Owens (DAL),0,0,85,"1,180",13.9,18,13,0,0,0,0,16,198,12.4,0.00%
2006,3,Reggie Wayne (IND),0,0,86,"1,310",15.2,18,9,0,0,0,0,16,187,11.7,0.00%
2006,4,Chad Johnson (CIN),0,0,87,"1,369",15.7,16,7,6,24,0,0,16,181.3,11.3,0.00%
2006,5,Donald Driver (GB),0,0,92,"1,295",14.1,21,8,7,16,0,0,16,179.1,11.2,0.00%
2006,6,Torry Holt (LAR),0,0,93,"1,188",12.8,14,10,0,0,0,0,16,178.8,11.2,0.00%
2006,7,Lee Evans (BUF),0,0,82,"1,292",15.8,15,8,0,0,0,0,16,177.2,11.1,0.00%
2006,8,Steve Smith (CAR),0,0,83,"1,166",14,17,8,8,61,1,0,14,176.7,12.6,0.00%
2006,9,Javon Walker (DEN),0,0,69,"1,084",15.7,16,8,9,123,1,0,16,174.7,10.9,0.00%
2006,10,Roy Williams (DET),0,0,82,"1,310",16,24,7,2,2,0,0,16,173.2,10.8,0.00%
2006,11,T.J. Houshmandzadeh (CIN),0,0,90,"1,081",12,19,9,3,6,0,0,14,162.7,11.6,0.00%
2006,12,Plaxico Burress (NYG),0,0,63,988,15.7,17,10,0,0,0,0,15,158.8,10.6,0.00%
2006,13,Darrell Jackson (SEA),0,0,63,956,15.2,13,10,0,0,0,0,13,155.6,12,0.00%
2006,14,Marques Colston (NO),0,0,70,"1,038",14.8,15,8,0,0,0,0,14,151.8,10.8,0.00%
2006,15,Joey Galloway (TB),0,0,62,"1,057",17,17,7,2,9,0,0,14,148.6,10.6,0.00%
2006,16,Laveranues Coles (NYJ),0,0,91,"1,098",12.1,12,6,2,14,0,0,16,147.2,9.2,0.00%
2006,17,Anquan Boldin (ARI),0,0,83,"1,203",14.5,18,4,5,28,0,0,16,147.1,9.2,0.10%
2006,18,Andre Johnson (HOU),0,0,103,"1,147",11.1,15,5,3,14,0,0,16,146.1,9.1,0.00%
2006,19,Terry Glenn (DAL),0,0,70,"1,047",15,14,6,3,11,0,0,15,141.8,9.5,0.00%
2006,20,Reggie Brown (PHI),0,0,46,816,17.7,15,8,3,24,1,0,16,138,8.6,0.00%
2006,21,Hines Ward (PIT),0,0,74,975,13.2,13,6,2,30,0,0,14,136.5,9.8,0.00%
2006,22,Jerricho Cotchery (NYJ),0,0,82,961,11.7,12,6,5,25,0,0,16,134.6,8.4,0.00%
2006,23,Larry Fitzgerald (ARI),0,0,69,946,13.7,11,6,0,0,0,0,13,130.6,10,0.80%
2006,24,Isaac Bruce (LAR),0,0,74,"1,098",14.8,23,3,0,0,0,0,16,129.8,8.1,0.00%
2006,25,Santana Moss (WAS),0,0,55,790,14.4,11,6,7,82,0,0,14,125.2,8.9,0.00%
2006,26,Braylon Edwards (CLE),0,0,61,884,14.5,13,6,3,7,0,0,16,125.1,7.8,0.00%
2006,27,Mark Clayton (BAL),0,0,67,939,14,11,5,7,-30,0,0,16,120.9,7.6,0.00%
2006,28,Eddie Kennison (KC),0,0,53,860,16.2,15,5,4,16,0,0,16,117.6,7.4,0.00%
2006,29,Marty Booker (MIA),0,0,55,747,13.6,7,6,3,19,0,0,14,116.6,8.3,0.00%
2006,30,Muhsin Muhammad (CHI),0,0,60,863,14.4,16,5,0,0,0,0,16,116.3,7.3,0.00%
2006,31,Chris Henry (CIN),0,0,36,605,16.8,9,9,0,0,0,0,11,114.5,10.4,0.00%
2006,32,Bernard Berrian (CHI),0,0,51,775,15.2,11,6,2,5,0,0,15,114,7.6,0.00%
2006,33,Devery Henderson (NO),0,0,32,745,23.3,14,5,2,14,1,0,12,111.9,9.3,0.00%
2006,34,Keyshawn Johnson (CAR),0,0,70,815,11.6,8,4,1,4,1,0,16,109.9,6.9,0.00%
2006,35,Donte' Stallworth (PHI),0,0,38,725,19.1,14,5,0,0,0,0,12,102.5,8.5,0.00%
2006,35,Reche Caldwell (NE),0,0,61,760,12.5,11,4,1,5,0,0,16,102.5,6.4,0.00%
2006,37,Chris Chambers (MIA),0,0,59,677,11.5,9,4,8,95,0,0,16,101.2,6.3,0.00%
2006,38,Deion Branch (SEA),0,0,53,725,13.7,8,4,4,30,0,0,14,99.5,7.1,0.00%
2006,39,Bryant Johnson (ARI),0,0,40,740,18.5,14,4,1,-3,0,0,16,97.7,6.1,0.00%
2006,40,Santonio Holmes (PIT),0,0,49,824,16.8,12,2,1,13,0,0,16,95.7,6,0.00%
2006,41,Joe Horn (NO),0,0,37,679,18.4,10,4,0,0,0,0,10,93.9,9.4,0.00%
2006,42,Drew Bennett (TEN),0,0,46,737,16,13,3,0,0,0,0,13,93.7,7.2,0.00%
2006,43,Antonio Bryant (SF),0,0,40,733,18.3,15,3,0,0,0,0,14,91.3,6.5,0.00%
2006,44,Arnaz Battle (SF),0,0,59,686,11.6,4,3,5,25,0,0,16,89.1,5.6,0.00%
2006,45,Reggie Williams (JAC),0,0,52,616,11.8,7,4,7,33,0,0,16,88.9,5.6,0.00%
2006,46,Nate Washington (PIT),0,0,35,624,17.8,11,4,3,8,0,0,16,87.2,5.5,0.00%
2006,47,Matt Jones (JAC),0,0,41,643,15.7,13,4,2,-15,0,0,13,86.8,6.7,0.00%
2006,48,Derrick Mason (BAL),0,0,68,750,11,7,2,1,-4,0,0,15,86.6,5.8,0.00%
2006,49,Michael Jenkins (ATL),0,0,39,436,11.2,4,7,1,2,0,0,16,85.8,5.4,0.00%
2006,50,D.J. Hackett (SEA),0,0,45,610,13.6,9,4,0,0,0,0,13,85,6.5,0.00%
2006,51,Vincent Jackson (LAC),0,0,27,453,16.8,7,6,3,16,0,0,16,84.9,5.3,0.00%
2006,52,Travis Taylor (MIN),0,0,57,651,11.4,11,3,1,5,0,0,16,83.6,5.2,0.00%
2006,53,Greg Jennings (GB),0,0,45,632,14,10,3,0,0,0,0,14,81.2,5.8,0.00%
2006,54,Patrick Crayton (DAL),0,0,36,516,14.3,7,4,0,0,0,0,15,75.6,5,0.00%
2006,55,Wes Welker (MIA),0,0,67,687,10.3,9,1,0,0,0,0,16,74.7,4.7,0.00%
2006,56,Randy Moss (OAK),0,0,42,553,13.2,6,3,0,0,0,0,12,73.3,6.1,0.00%
2006,57,Antwaan Randle El (WAS),0,0,32,351,11,4,3,19,118,0,0,16,72.4,4.5,0.00%
2006,58,Kevin Curtis (LAR),0,0,40,479,12,7,4,4,4,0,0,14,72.3,5.2,0.00%
2006,59,Rod Smith (DEN),0,0,52,512,9.8,1,3,1,-5,0,0,16,68.7,4.3,0.00%
2006,60,Eric Parker (LAC),0,0,48,659,13.7,8,0,2,19,0,0,15,67.8,4.5,0.00%
2005,1,Steve Smith (CAR),0,0,103,"1,563",15.2,22,12,4,25,1,0,16,236.8,14.8,0.00%
2005,2,Larry Fitzgerald (ARI),0,0,103,"1,409",13.7,27,10,8,41,0,0,16,205,12.8,0.80%
2005,3,Santana Moss (WAS),18,32.1,84,"1,483",17.7,24,9,3,-3,0,0,16,202,12.6,0.00%
2005,4,Chad Johnson (CIN),0,0,97,"1,432",14.8,16,9,5,33,0,0,16,200.5,12.5,0.00%
2005,5,Joey Galloway (TB),12,30,83,"1,287",15.5,19,10,2,4,0,0,14,189.1,13.5,0.00%
2005,6,Anquan Boldin (ARI),0,0,102,"1,402",13.7,21,7,12,45,0,0,14,188.7,13.5,0.10%
2005,7,Torry Holt (LAR),16,48.5,102,"1,331",13,15,9,1,2,0,0,14,187.3,13.4,0.00%
2005,8,Chris Chambers (MIA),0,0,82,"1,118",13.6,18,11,12,92,0,0,16,187,11.7,0.00%
2005,9,Marvin Harrison (IND),0,0,82,"1,146",14,14,12,0,0,0,0,15,186.6,12.4,0.00%
2005,10,Hines Ward (PIT),11,16.9,69,975,14.1,10,11,3,10,0,0,15,164.5,11,0.00%
2005,11,Plaxico Burress (NYG),28,23.2,76,"1,214",16,20,7,0,0,0,1,16,161.4,10.1,0.00%
2005,12,Terry Glenn (DAL),17,24,62,"1,136",18.3,18,7,2,-4,1,0,16,161.2,10.1,0.00%
2005,13,Donald Driver (GB),7,22.6,86,"1,221",14.2,17,5,2,13,0,0,16,153.4,9.6,0.00%
2005,14,T.J. Houshmandzadeh (CIN),0,0,78,956,12.3,14,7,8,62,1,0,14,149.8,10.7,0.00%
2005,15,Randy Moss (OAK),0,0,60,"1,005",16.8,15,8,0,0,0,0,15,148.5,9.9,0.00%
2005,16,Rod Smith (DEN),8,36.4,85,"1,105",13,15,6,1,7,0,0,16,147.2,9.2,0.00%
2005,17,Keenan McCardell (LAC),8,18.6,70,917,13.1,12,9,2,6,0,0,16,146.3,9.1,0.00%
2005,18,Eddie Kennison (KC),0,0,68,"1,102",16.2,17,5,7,43,0,0,15,144.5,9.6,0.00%
2005,19,Jimmy Smith (JAC),12,20.7,70,"1,023",14.6,15,6,0,0,0,0,16,138.3,8.6,0.00%
2005,20,Donte' Stallworth (NO),0,0,70,945,13.5,16,7,2,2,0,0,16,136.7,8.5,0.00%
2005,21,Reggie Wayne (IND),0,0,83,"1,055",12.7,11,5,0,0,0,0,15,135.5,9,0.00%
2005,22,Deion Branch (NE),0,0,78,998,12.8,13,5,0,0,0,0,16,129.8,8.1,0.00%
2005,23,Joe Jerevicius (SEA),15,20.3,55,694,12.6,9,10,0,0,0,0,15,129.4,8.6,0.00%
2005,24,Derrick Mason (BAL),7,19.4,86,"1,073",12.5,18,3,0,0,0,0,16,125.3,7.8,0.00%
2005,25,Antonio Bryant (CLE),0,0,69,"1,009",14.6,15,4,1,3,0,0,16,125.2,7.8,0.00%
2005,26,Kevin Curtis (LAR),3,9.1,60,801,13.4,8,6,1,5,1,0,16,122.6,7.7,0.00%
2005,27,Keyshawn Johnson (DAL),24,33.8,71,839,11.8,7,6,1,3,0,1,16,120.2,7.5,0.00%
2005,28,Lee Evans (BUF),0,0,48,743,15.5,10,7,4,38,0,0,16,120.1,7.5,0.00%
2005,29,Roy Williams (DET),7,12.1,45,687,15.3,12,8,0,0,0,0,12,116.7,9.7,0.00%
2005,30,Laveranues Coles (NYJ),6,28.6,73,845,11.6,6,5,0,0,0,0,16,114.5,7.2,0.00%
2005,31,Terrell Owens (PHI),0,0,47,763,16.2,10,6,1,2,0,0,7,112.5,16.1,0.00%
2005,32,Amani Toomer (NYG),20,16.6,60,684,11.4,10,7,0,0,0,0,15,110.4,7.4,0.00%
2005,33,Eric Moulds (BUF),0,0,81,816,10.1,5,4,0,0,0,0,14,105.6,7.5,0.00%
2005,34,Brandon Lloyd (SF),7,24.1,48,733,15.3,9,5,0,0,0,0,16,103.3,6.5,0.00%
2005,35,Muhsin Muhammad (CHI),9,29,64,750,11.7,13,4,0,0,0,0,15,99,6.6,0.00%
2005,36,Drew Bennett (TEN),0,0,58,738,12.7,6,4,1,3,0,0,13,98.1,7.5,0.00%
2005,37,Eric Parker (LAC),10,23.3,57,725,12.7,8,3,4,55,0,0,15,96,6.4,0.00%
2005,38,Bobby Engram (SEA),19,25.7,67,778,11.6,7,3,0,0,0,1,13,93.8,7.2,0.00%
2005,39,Ashley Lelie (DEN),4,18.2,42,770,18.3,12,1,5,84,0,0,16,91.4,5.7,0.00%
2005,40,David Givens (NE),0,0,59,738,12.5,9,2,2,13,0,0,13,87.1,6.7,0.00%
2005,41,Marty Booker (MIA),0,0,39,686,17.6,10,3,0,0,0,0,14,86.6,6.2,0.00%
2005,42,Travis Taylor (MIN),0,0,50,604,12.1,5,4,2,3,0,0,16,84.7,5.3,0.00%
2005,43,Justin McCareins (NYJ),7,33.3,43,713,16.6,12,2,1,8,0,0,16,84.1,5.3,0.00%
2005,44,Marcus Robinson (MIN),0,0,31,515,16.6,7,5,0,0,0,0,15,83.5,5.6,0.00%
2005,45,Antonio Chatman (GB),1,3.2,49,549,11.2,4,4,8,34,0,0,16,82.3,5.1,0.00%
2005,46,Andre Johnson (HOU),20,28.1,63,688,10.9,4,2,6,10,0,0,12,81.8,6.8,0.00%
2005,47,Reggie Brown (PHI),8,25,43,571,13.3,10,4,1,5,0,0,14,81.6,5.8,0.00%
2005,48,Brian Finneran (ATL),2,7.7,50,611,12.2,6,2,0,0,0,0,14,79.1,5.7,0.00%
2005,49,Matt Jones (JAC),9,15.5,36,432,12,5,5,12,51,0,0,15,78.7,5.2,0.00%
2005,50,Chris Henry (CIN),0,0,31,422,13.6,5,6,0,0,0,0,11,78.2,7.1,0.00%
2005,51,Antwaan Randle El (PIT),16,24.6,35,558,15.9,10,1,12,73,0,0,16,75.7,4.7,0.00%
2005,52,Corey Bradford (HOU),8,11.3,34,436,12.8,7,5,1,-2,0,0,12,75.4,6.3,0.00%
2005,53,Doug Gabriel (OAK),0,0,37,554,15,9,3,1,5,0,0,13,73.9,5.7,0.00%
2005,54,Joe Horn (NO),0,0,49,654,13.3,8,1,0,0,0,0,13,71.4,5.5,0.00%
2005,55,Samie Parker (KC),0,0,36,533,14.8,8,3,0,0,0,0,11,71.3,6.5,0.00%
2005,56,Isaac Bruce (LAR),8,24.2,36,525,14.6,8,3,0,0,0,0,11,70.5,6.4,0.00%
2005,57,Braylon Edwards (CLE),0,0,32,512,16,9,3,0,0,0,0,10,69.2,6.9,0.00%
2005,58,Michael Jenkins (ATL),6,23.1,36,508,14.1,5,3,0,0,0,0,14,68.8,4.9,0.00%
2005,59,Mark Clayton (BAL),7,19.4,44,471,10.7,3,2,8,33,1,0,13,68.4,5.3,0.00%
2005,60,Ricky Proehl (CAR),0,0,25,441,17.6,5,4,1,-8,0,0,13,67.3,5.2,0.00%
2004,1,Muhsin Muhammad (CAR),152,31.4,93,"1,405",15.1,24,16,3,15,0,1,16,236,14.8,0.00%
2004,2,Joe Horn (NO),153,28.8,94,"1,399",14.9,22,11,0,0,0,0,16,207.9,13,0.00%
2004,3,Javon Walker (GB),142,24.9,89,"1,382",15.5,19,12,0,0,0,2,16,206.2,12.9,0.00%
2004,4,Terrell Owens (PHI),127,23.5,77,"1,200",15.6,20,14,3,-5,0,1,14,201.5,14.4,0.00%
2004,5,Marvin Harrison (IND),127,25.7,86,"1,113",12.9,16,15,0,0,0,0,16,201.3,12.6,0.00%
2004,6,Drew Bennett (TEN),132,24.2,80,"1,247",15.6,20,11,1,12,0,0,16,196.9,12.3,0.00%
2004,7,Torry Holt (LAR),136,24.1,94,"1,372",14.6,21,10,0,0,0,1,16,195.2,12.2,0.00%
2004,8,Reggie Wayne (IND),105,21.1,77,"1,210",15.7,19,12,1,-4,0,0,16,192.6,12,0.00%
2004,9,Chad Johnson (CIN),170,32.6,95,"1,274",13.4,17,9,4,39,0,0,16,185.3,11.6,0.00%
2004,10,Donald Driver (GB),130,22.9,84,"1,208",14.4,16,9,3,4,0,2,16,173.2,10.8,0.00%
2004,11,Brandon Stokley (IND),97,19.4,68,"1,077",15.8,20,10,0,0,0,1,16,165.7,10.4,0.00%
2004,12,Michael Clayton (TB),122,24.4,80,"1,193",14.9,19,7,5,30,0,0,16,164.3,10.3,0.00%
2004,13,Darrell Jackson (SEA),156,29.7,87,"1,199",13.8,16,7,0,0,0,1,16,161.9,10.1,0.00%
2004,14,Nate Burleson (MIN),102,18.8,68,"1,006",14.8,14,9,6,49,0,0,16,161.5,10.1,0.00%
2004,15,Rod Smith (DEN),136,29.4,79,"1,144",14.5,14,7,5,33,0,0,16,159.7,10,0.00%
2004,16,Derrick Mason (TEN),146,26.9,96,"1,168",12.2,12,7,1,-3,0,0,16,158.5,9.9,0.00%
2004,17,Eddie Kennison (KC),106,19.1,62,"1,086",17.5,18,8,2,15,0,1,14,158.1,11.3,0.00%
2004,18,Isaac Bruce (LAR),148,26.1,89,"1,292",14.5,20,6,0,0,0,4,16,157.2,9.8,0.00%
2004,19,Randy Moss (MIN),86,15.8,49,767,15.7,11,13,0,0,0,1,12,152.2,12.7,0.00%
2004,20,Jimmy Smith (JAC),137,27.2,74,"1,172",15.8,19,6,0,0,0,1,16,151.2,9.5,0.00%
2004,21,Ashley Lelie (DEN),101,21.7,54,"1,084",20.1,21,7,3,5,0,0,16,150.9,9.4,0.00%
2004,22,Andre Johnson (HOU),138,30.3,79,"1,142",14.5,18,6,4,12,0,1,16,149.4,9.3,0.00%
2004,23,Lee Evans (BUF),75,17,48,843,17.6,12,9,5,85,0,1,16,144.8,9.1,0.00%
2004,24,Chris Chambers (MIA),138,24,69,898,13,8,7,9,76,0,1,15,139.4,9.3,0.00%
2004,25,Eric Moulds (BUF),152,34.5,88,"1,043",11.9,12,5,5,19,0,1,16,134.2,8.4,0.00%
2004,26,Hines Ward (PIT),108,30.8,80,"1,004",12.6,15,4,7,25,1,0,16,132.9,8.3,0.00%
2004,27,Keyshawn Johnson (DAL),124,26.1,70,981,14,15,6,2,13,0,1,16,131.4,8.2,0.00%
2004,28,Roy Williams (DET),118,25.2,54,817,15.1,15,8,1,1,0,1,14,127.8,9.1,0.00%
2004,29,Larry Fitzgerald (ARI),115,21.5,58,780,13.4,15,8,8,14,0,0,16,127.4,8,0.80%
2004,30,T.J. Houshmandzadeh (CIN),109,21.1,73,978,13.4,15,4,6,51,0,0,16,126.9,7.9,0.00%
2004,31,David Patten (NE),95,20.1,44,800,18.2,15,7,1,5,0,0,16,122.5,7.7,0.00%
2004,32,Santana Moss (NYJ),78,18.2,45,838,18.6,13,5,6,18,0,0,15,115.6,7.7,0.00%
2004,33,Marcus Robinson (MIN),79,14.8,47,657,14,11,8,0,0,0,0,16,113.7,7.1,0.00%
2004,34,Donte' Stallworth (NO),106,20.1,58,767,13.2,13,5,6,37,0,0,16,110.4,6.9,0.00%
2004,35,Keary Colbert (CAR),92,18.7,47,754,16,14,5,0,0,0,1,15,105.4,7,0.00%
2004,35,David Givens (NE),106,22.3,56,874,15.6,13,3,0,0,0,0,15,105.4,7,0.00%
2004,37,Antonio Bryant (CLE),99,22.3,58,812,14,9,4,0,0,0,1,15,103.2,6.9,0.00%
2004,38,Justin McCareins (NYJ),90,21,56,770,13.8,10,4,2,-5,0,0,16,100.5,6.3,0.00%
2004,39,Plaxico Burress (PIT),60,17.2,35,698,19.9,13,5,0,0,0,0,11,99.8,9.1,0.00%
2004,39,Johnnie Morton (KC),79,14.3,55,795,14.5,10,3,7,43,0,1,13,99.8,7.7,0.00%
2004,41,Laveranues Coles (WAS),168,35,90,950,10.6,10,1,3,-3,0,1,16,98.7,6.2,0.00%
2004,42,Rod Gardner (WAS),106,22,51,650,12.7,7,5,3,7,0,0,16,95.7,6,0.00%
2004,43,Brandon Lloyd (SF),89,16,43,565,13.1,6,6,0,0,0,0,13,94.5,7.3,0.00%
2004,44,Eric Parker (LAC),71,16.3,47,690,14.7,8,4,4,53,0,2,15,94.3,6.3,0.00%
2004,45,Dennis Northcutt (CLE),94,21.7,55,806,14.7,12,2,8,19,0,1,16,92.5,5.8,0.00%
2004,46,Cedrick Wilson (SF),85,15.3,47,641,13.6,6,3,1,6,0,0,15,82.7,5.5,0.00%
2004,47,Antwaan Randle El (PIT),63,18.1,43,601,14,10,3,8,34,0,2,16,81.9,5.1,0.00%
2004,48,Peerless Price (ATL),106,28,45,575,12.8,8,3,3,34,0,0,16,79.9,5,0.00%
2004,49,Jabar Gaffney (HOU),68,14.9,41,632,15.4,12,2,4,30,0,1,15,76.2,5.1,0.00%
2004,50,David Terrell (CHI),90,19.5,42,699,16.6,12,1,3,10,0,1,16,74.9,4.7,0.00%
2004,51,Todd Pinkston (PHI),63,11.6,36,676,18.8,7,1,0,0,0,0,14,73.6,5.3,0.00%
2004,52,Joey Galloway (TB),53,10.6,33,416,12.6,7,5,2,19,0,0,10,73.5,7.4,0.00%
2004,53,Amani Toomer (NYG),106,23,51,747,14.6,8,0,0,0,0,1,15,72.7,4.8,0.00%
2004,54,Az-Zahir Hakim (DET),57,12.1,31,533,17.2,9,3,1,0,0,0,10,71.3,7.1,0.00%
2004,55,Marty Booker (MIA),105,18.3,50,638,12.8,8,1,1,-8,0,0,15,70.9,4.7,0.00%
2004,56,Deion Branch (NE),51,10.7,35,454,13,6,4,0,0,0,1,9,67.4,7.5,0.00%
2004,57,Anquan Boldin (ARI),104,19.7,56,623,11.1,6,1,1,3,0,1,10,66.6,6.7,0.10%
2004,58,Doug Gabriel (OAK),79,15.8,33,551,16.7,8,2,2,7,0,2,16,63.8,4,0.00%
2004,59,Shaun McDonald (LAR),68,12.2,37,494,13.4,9,3,4,0,0,2,16,63.4,4,0.00%
2004,60,Jerome Pathon (NO),67,12.6,34,581,17.1,11,1,0,0,0,1,15,62.1,4.1,0.00%
2003,1,Randy Moss (MIN),172,36.5,111,"1,632",14.7,27,17,6,18,0,1,16,265,16.6,0.00%
2003,2,Torry Holt (LAR),183,32.7,117,"1,696",14.5,26,12,1,5,0,0,16,242.1,15.1,0.00%
2003,3,Chad Johnson (CIN),154,30.8,90,"1,355",15.1,20,10,0,0,0,0,16,195.5,12.2,0.00%
2003,4,Marvin Harrison (IND),142,25.3,94,"1,272",13.5,17,10,1,3,0,2,15,183.5,12.2,0.00%
2003,5,Hines Ward (PIT),156,29.8,95,"1,163",12.2,18,10,11,61,0,0,16,182.4,11.4,0.00%
2003,6,Anquan Boldin (ARI),165,31.6,101,"1,377",13.6,20,8,5,40,0,3,16,181.7,11.4,0.10%
2003,7,Derrick Mason (TEN),133,27.3,95,"1,303",13.7,16,8,3,11,0,0,16,179.4,11.2,0.00%
2003,8,Santana Moss (NYJ),117,23.6,74,"1,105",14.9,17,10,10,67,0,2,16,173.2,10.8,0.00%
2003,9,Keenan McCardell (TB),138,23.8,84,"1,174",14,13,8,0,0,0,1,16,169.4,10.6,0.00%
2003,10,Darrell Jackson (SEA),130,25.3,68,"1,137",16.7,18,9,0,0,0,1,16,165.7,10.4,0.00%
2003,11,Terrell Owens (SF),146,29.2,80,"1,102",13.8,15,9,3,-2,0,0,15,164,10.9,0.00%
2003,12,Chris Chambers (MIA),130,29.6,64,963,15,17,11,4,30,0,1,16,163.3,10.2,0.00%
2003,13,Laveranues Coles (WAS),158,31.6,82,"1,204",14.7,21,6,10,39,0,0,16,160.3,10,0.00%
2003,14,Joe Horn (NO),130,25,78,973,12.5,10,10,2,15,0,0,15,159.4,10.6,0.00%
2003,15,Steve Smith (CAR),141,31.2,88,"1,110",12.6,16,7,11,42,0,0,16,157.2,9.8,0.00%
2003,16,Peter Warrick (CIN),122,24.4,79,819,10.4,8,7,18,157,0,1,15,137.6,9.2,0.00%
2003,17,Amani Toomer (NYG),152,25.2,63,"1,057",16.8,16,5,1,5,0,0,16,136.2,8.5,0.00%
2003,18,Isaac Bruce (LAR),119,21.3,69,981,14.2,19,5,2,17,0,0,15,132.4,8.8,0.00%
2003,19,David Boston (LAC),115,22.9,70,880,12.6,13,7,3,18,0,2,14,129.8,9.3,0.00%
2003,20,Reggie Wayne (IND),107,19,68,838,12.3,8,7,0,0,0,0,16,125.8,7.9,0.00%
2003,21,Javon Walker (GB),74,16.1,41,716,17.5,12,9,2,1,0,1,16,123.7,7.7,0.00%
2003,22,Justin McCareins (TEN),82,16.4,47,813,17.3,14,7,1,13,0,1,16,122.6,7.7,0.00%
2003,23,Andre Johnson (HOU),119,27.9,66,976,14.8,14,4,5,-10,0,0,16,120.6,7.5,0.00%
2003,24,Koren Robinson (SEA),119,23.2,65,896,13.8,14,4,4,15,0,1,15,119.1,7.9,0.00%
2003,25,Rod Smith (DEN),114,26.3,74,845,11.4,8,3,10,98,0,0,15,115.2,7.7,0.00%
2003,26,Eddie Kennison (KC),99,18.7,56,853,15.2,11,5,2,9,0,1,16,114.2,7.1,0.00%
2003,27,Terry Glenn (DAL),96,19.2,52,754,14.5,14,5,3,55,0,0,16,110.9,6.9,0.00%
2003,28,Plaxico Burress (PIT),123,23.4,60,860,14.3,11,4,1,-7,0,0,16,109.3,6.8,0.00%
2003,29,Johnnie Morton (KC),92,17.4,50,740,14.8,10,4,8,94,0,0,16,107.4,6.7,0.00%
2003,30,Jimmy Smith (JAC),112,22.4,54,805,14.9,13,4,0,0,0,0,12,104.5,8.7,0.00%
2003,31,Peerless Price (ATL),141,31.9,64,838,13.1,9,3,2,3,0,0,16,102.1,6.4,0.00%
2003,32,Tai Streets (SF),85,17,47,595,12.7,4,7,0,0,0,0,16,101.5,6.3,0.00%
2003,33,Rod Gardner (WAS),115,23,59,600,10.2,7,5,0,0,0,0,16,99.8,6.2,0.00%
2003,34,Muhsin Muhammad (CAR),100,21.9,54,837,15.5,18,3,2,-2,0,1,15,99.5,6.6,0.00%
2003,35,Deion Branch (NE),104,19.6,57,803,14.1,9,3,1,11,0,0,15,99.4,6.6,0.00%
2003,36,Jerry Rice (OAK),124,24.8,63,869,13.8,13,2,0,0,0,1,16,96.9,6.1,0.00%
2003,37,Bobby Engram (SEA),74,14.8,52,637,12.3,8,6,0,0,0,2,16,95.7,6,0.00%
2003,38,Bobby Shaw (BUF),86,17.3,56,732,13.1,7,4,0,0,0,1,15,95.2,6.3,0.00%
2003,39,Marty Booker (CHI),105,21,52,715,13.8,10,4,3,-7,0,0,13,94.8,7.3,0.00%
2003,40,Ike Hilliard (NYG),102,17.1,60,608,10.1,2,6,2,19,0,2,13,94.7,7.3,0.00%
2003,41,Dennis Northcutt (CLE),92,18.4,62,729,11.8,6,2,12,83,0,1,15,91.2,6.1,0.00%
2003,42,Andre Davis (CLE),62,12.4,40,576,14.4,8,5,5,28,0,1,16,88.4,5.5,0.00%
2003,43,Travis Taylor (BAL),90,22,39,632,16.2,9,3,11,62,0,0,16,87.4,5.5,0.00%
2003,44,David Givens (NE),54,10,34,510,15,9,6,0,0,0,0,11,85,7.7,0.00%
2003,45,Eric Moulds (BUF),121,24.6,64,780,12.2,10,1,0,0,0,0,13,84,6.5,0.00%
2003,46,Joey Galloway (DAL),83,16.6,34,672,19.8,14,2,4,22,0,0,15,81.4,5.4,0.00%
2003,46,Kevin Johnson (JAC),95,19.1,58,634,10.9,10,3,0,0,0,0,15,81.4,5.4,0.00%
2003,48,Kelly Campbell (MIN),44,9.2,25,522,20.9,9,4,10,71,0,1,14,81.3,5.8,0.00%
2003,49,Marcus Robinson (BAL),62,15,31,451,14.5,7,6,0,0,0,0,15,81.1,5.4,0.00%
2003,50,Jerome Pathon (NO),79,15.4,44,578,13.1,8,4,0,0,0,1,16,79.8,5,0.00%
2003,51,Donald Driver (GB),86,18.5,52,621,11.9,11,2,5,51,0,0,15,79.2,5.3,0.00%
2003,52,Ashley Lelie (DEN),81,18.8,37,628,17,11,2,8,43,0,0,16,79.1,4.9,0.00%
2003,53,Keyshawn Johnson (TB),73,12.6,45,600,13.3,9,3,0,0,0,0,10,78,7.8,0.00%
2003,54,Dez White (CHI),107,21.4,49,583,11.9,7,3,2,13,0,0,15,77.6,5.2,0.00%
2003,55,Curtis Conway (NYJ),102,20.5,46,640,13.9,11,2,0,0,0,0,16,76,4.8,0.00%
2003,55,Darnerien McCants (WAS),55,11,27,360,13.3,7,6,0,0,0,0,15,76,5.1,0.00%
2003,57,Robert Ferguson (GB),59,12.6,38,520,13.7,7,4,1,-8,0,0,15,75.2,5,0.00%
2003,58,Drew Bennett (TEN),54,10.9,32,504,15.8,9,4,0,0,0,0,12,75,6.3,0.00%
2003,59,Az-Zahir Hakim (DET),108,19.2,49,449,9.2,2,4,3,51,0,1,14,74.8,5.3,0.00%
2003,60,Troy Brown (NE),60,11.4,40,472,11.8,4,4,6,27,0,0,12,73.9,6.2,0.00%
2002,1,Marvin Harrison (IND),205,35,143,"1,722",12,22,11,2,10,0,0,16,241.2,15.1,0.00%
2002,2,Hines Ward (PIT),161,29.7,112,"1,329",11.9,19,12,12,142,0,1,16,223.1,13.9,0.00%
2002,3,Terrell Owens (SF),159,28.7,100,"1,300",13,17,13,7,79,1,0,14,221.9,15.9,0.00%
2002,4,Eric Moulds (BUF),180,30,100,"1,292",12.9,14,10,1,7,0,0,16,189.9,11.9,0.00%
2002,5,Randy Moss (MIN),184,40,106,"1,347",12.7,19,7,6,51,0,1,16,184.3,11.5,0.00%
2002,6,Amani Toomer (NYG),134,24.8,82,"1,343",16.4,24,8,1,2,0,0,16,182.5,11.4,0.00%
2002,7,Peerless Price (BUF),148,24.6,94,"1,252",13.3,16,9,3,-13,0,1,16,175.9,11,0.00%
2002,8,Joe Horn (NO),149,28.4,88,"1,312",14.9,19,7,1,2,0,0,16,175.4,11,0.00%
2002,9,Plaxico Burress (PIT),144,26.5,78,"1,325",17,21,7,0,0,0,1,16,174.5,10.9,0.00%
2002,10,Donald Driver (GB),113,20,70,"1,064",15.2,15,9,8,70,0,1,16,165.4,10.3,0.00%
2002,11,Jerry Rice (OAK),150,24.4,92,"1,211",13.2,12,7,3,20,0,1,16,163.1,10.2,0.00%
2002,12,Laveranues Coles (NYJ),134,28.2,89,"1,264",14.2,19,5,6,39,0,0,16,162.3,10.1,0.00%
2002,13,Marty Booker (CHI),167,31.7,97,"1,189",12.3,20,6,0,0,0,0,16,160.7,10,0.00%
2002,14,Koren Robinson (SEA),141,24.6,78,"1,240",15.9,19,5,8,56,0,0,16,159.6,10,0.00%
2002,15,Torry Holt (LAR),160,25.9,91,"1,302",14.3,17,4,2,18,0,1,16,154,9.6,0.00%
2002,16,Rod Gardner (WAS),141,26.1,71,"1,006",14.2,13,8,1,1,0,0,16,148.7,9.3,0.00%
2002,17,Isaac Bruce (LAR),130,20.9,79,"1,075",13.6,20,7,3,18,0,2,16,147.3,9.2,0.00%
2002,18,Jimmy Smith (JAC),137,31.4,80,"1,027",12.8,15,7,1,2,0,0,16,146.9,9.2,0.00%
2002,19,Chad Johnson (CIN),137,24.1,69,"1,166",16.9,13,5,0,0,0,0,16,146.6,9.2,0.00%
2002,20,Keyshawn Johnson (TB),142,25.9,76,"1,088",14.3,14,5,0,0,0,0,16,142.8,8.9,0.00%
2002,21,Quincy Morgan (CLE),97,17.9,56,964,17.2,17,7,3,7,0,2,16,137.1,8.6,0.00%
2002,22,Travis Taylor (BAL),118,25.3,61,869,14.2,12,6,11,105,0,0,16,133.4,8.3,0.00%
2002,23,Rod Smith (DEN),147,29.1,89,"1,027",11.5,11,5,6,9,0,1,16,131.6,8.2,0.00%
2002,24,Derrick Mason (TEN),125,25,79,"1,012",12.8,12,5,0,0,0,1,14,129.2,9.2,0.00%
2002,25,Curtis Conway (LAC),94,17.9,57,852,14.9,11,5,7,53,2,2,12,128.5,10.7,0.00%
2002,26,Joey Galloway (DAL),120,27.4,61,908,14.9,12,6,4,31,0,1,16,127.9,8,0.00%
2002,27,James Thrash (PHI),107,19.9,52,635,12.2,9,6,18,126,2,1,16,122.1,7.6,0.00%
2002,28,Todd Pinkston (PHI),113,21.1,60,798,13.3,16,7,1,-15,0,0,15,120.3,8,0.00%
2002,29,Wayne Chrebet (NYJ),80,16.7,51,691,13.5,9,9,0,0,0,2,15,119.1,7.9,0.00%
2002,30,Brian Finneran (ATL),101,22.1,56,838,15,14,6,0,0,0,1,16,117.8,7.4,0.00%
2002,31,David Patten (NE),120,20.4,61,824,13.5,12,5,2,6,0,0,16,113,7.1,0.00%
2002,32,Antonio Bryant (DAL),93,21.3,44,733,16.7,13,6,6,40,0,2,16,109.3,6.8,0.00%
2002,33,Eddie Kennison (KC),92,19.8,53,906,17.1,16,2,7,58,0,0,16,108.4,6.8,0.00%
2002,34,Darrell Jackson (SEA),112,19.3,62,877,14.1,13,4,3,3,0,2,13,108,8.3,0.00%
2002,35,Donte' Stallworth (NO),69,13.5,42,594,14.1,11,8,2,2,0,0,13,107.6,8.3,0.00%
2002,36,Troy Brown (NE),141,23.9,97,890,9.2,3,3,3,14,0,2,14,106.4,7.6,0.00%
2002,37,Tai Streets (SF),109,19.5,72,756,10.5,7,5,0,0,0,0,15,105.6,7,0.00%
2002,38,Derrius Thompson (WAS),93,17,53,773,14.6,10,4,10,77,0,2,16,105,6.6,0.00%
2002,39,Tim Brown (OAK),127,20.8,81,930,11.5,11,2,6,19,0,1,16,104.9,6.6,0.00%
2002,40,Corey Bradford (HOU),106,25.3,45,697,15.5,10,6,2,-11,0,0,16,104.6,6.5,0.00%
2002,41,Dennis Northcutt (CLE),49,9.1,38,601,15.8,9,5,8,104,1,2,13,104.5,8,0.00%
2002,42,Muhsin Muhammad (CAR),108,24,63,823,13.1,17,3,3,40,0,0,14,104.3,7.5,0.00%
2002,43,Ed McCaffrey (DEN),103,20.6,69,903,13.1,11,2,2,22,0,1,16,102.5,6.4,0.00%
2002,44,Keenan McCardell (TB),101,18.4,61,670,11,6,6,1,3,0,1,14,101.3,7.2,0.00%
2002,45,Steve Smith (CAR),97,21.4,54,872,16.1,18,3,1,-4,0,2,15,100.8,6.7,0.00%
2002,46,Kevin Johnson (CLE),120,22.1,67,703,10.5,10,4,0,0,0,0,16,99.6,6.2,0.00%
2002,47,Chris Chambers (MIA),100,22.7,52,734,14.1,9,3,6,78,0,0,15,99.2,6.6,0.00%
2002,48,Peter Warrick (CIN),81,14.4,53,606,11.4,9,6,8,22,0,1,15,96.8,6.5,0.00%
2002,49,Reggie Wayne (IND),72,12.1,49,716,14.6,11,4,0,0,0,1,15,93.6,6.2,0.00%
2002,50,Terry Glenn (GB),106,18.8,56,817,14.6,12,2,0,0,0,1,15,91.7,6.1,0.00%
2002,51,Bill Schroeder (DET),77,13.8,36,595,16.5,10,5,0,0,0,0,14,91.5,6.5,0.00%
2002,52,Tim Dwight (LAC),93,17.7,50,623,12.5,10,2,12,108,1,0,16,91.1,5.7,0.00%
2002,53,Marc Boerigter (KC),38,8,20,420,21,6,8,0,0,0,0,15,90,6,0.00%
2002,54,Dez White (CHI),94,17.8,51,656,12.9,12,4,3,11,0,1,16,88.7,5.5,0.00%
2002,55,Antonio Freeman (PHI),80,14.8,46,600,13,8,4,0,0,0,0,15,84,5.6,0.00%
2002,56,Andre Davis (CLE),72,13.2,37,420,11.4,6,6,3,7,0,0,16,78.7,4.9,0.00%
2002,57,Jerome Pathon (NO),80,15.4,43,523,12.2,4,4,0,0,0,0,14,76.3,5.5,0.00%
2002,58,Az-Zahir Hakim (DET),82,14.8,37,541,14.6,8,3,4,3,0,0,10,72.4,7.2,0.00%
2002,59,Santana Moss (NYJ),52,10.6,30,433,14.4,8,4,7,48,0,0,15,72.1,4.8,0.00%
2002,60,Antwaan Randle El (PIT),65,12.2,47,489,10.4,7,2,19,134,0,3,16,72,4.5,0.00%